,mw,logp,rotb,ap,hbd,hba,non_cp,psa,fsp3,logs
0,167.85,2.5954000000000006,0,0.0,0,0,0.6666666666666666,0.0,1.0,-2.18
1,133.405,2.376500000000001,0,0.0,0,0,0.6,0.0,1.0,-2.0
2,167.85,2.5938,1,0.0,0,0,0.6666666666666666,0.0,1.0,-1.74
3,133.405,2.0289,1,0.0,0,0,0.6,0.0,1.0,-1.48
4,187.37500000000003,2.9189,1,0.0,0,0,0.75,0.0,1.0,-3.04
5,98.96000000000001,1.81,0,0.0,0,0,0.5,0.0,1.0,-1.29
6,96.94399999999999,1.9352,0,0.0,0,0,0.5,0.0,0.0,-1.64
7,118.176,1.4054,4,0.0,0,2,0.25,18.46,1.0,-0.43
8,215.894,4.3002,0,0.6,0,0,0.4,0.0,0.0,-4.57
9,132.20599999999996,2.5654000000000003,0,0.6,0,0,0.0,0.0,0.4,-4.37
10,215.894,4.3002,0,0.6,0,0,0.4,0.0,0.0,-4.63
11,181.44899999999998,3.6468000000000007,0,0.6666666666666666,0,0,0.3333333333333333,0.0,0.0,-4.0
12,120.195,2.611860000000001,0,0.6666666666666666,0,0,0.0,0.0,0.3333333333333333,-3.2
13,393.69800000000004,4.7366,0,0.6,0,0,0.4,0.0,0.0,-6.98
14,215.894,4.3002,0,0.6,0,0,0.4,0.0,0.0,-5.56
15,134.22199999999998,2.9202800000000018,0,0.6,0,0,0.0,0.0,0.4,-4.59
16,314.802,3.974100000000001,0,0.6666666666666666,0,0,0.3333333333333333,0.0,0.0,-4.5
17,181.449,3.6468000000000007,0,0.6666666666666666,0,0,0.3333333333333333,0.0,0.0,-3.59
18,120.195,2.611860000000001,0,0.6666666666666666,0,0,0.0,0.0,0.3333333333333333,-3.31
19,110.11199999999998,1.0977999999999999,0,0.75,2,2,0.25,40.46,0.0,0.62
20,235.90599999999998,3.2116000000000007,0,0.75,0,0,0.25,0.0,0.0,-3.5
21,187.862,1.7762,1,0.0,0,0,0.5,0.0,1.0,-1.68
22,147.00399999999996,2.9934000000000003,0,0.75,0,0,0.25,0.0,0.0,-3.05
23,98.96000000000001,1.464,1,0.0,0,0,0.5,0.0,1.0,-1.06
24,112.98700000000001,1.8525,1,0.0,0,0,0.4,0.0,1.0,-1.6
25,170.92000000000002,2.6495999999999995,1,0.0,0,0,0.75,0.0,1.0,-2.74
26,118.176,1.0594000000000001,5,0.0,0,2,0.25,18.46,1.0,-0.77
27,134.22199999999998,2.811400000000001,2,0.6,0,0,0.0,0.0,0.4,-3.28
28,168.10799999999995,1.503,2,0.5,0,4,0.5,86.28,0.0,-3.1
29,58.08,0.4051,0,0.0,0,1,0.25,12.53,1.0,-0.59
30,314.802,3.974100000000001,0,0.6666666666666666,0,0,0.3333333333333333,0.0,0.0,-5.6
31,181.449,3.6468000000000007,0,0.6666666666666666,0,0,0.3333333333333333,0.0,0.0,-4.48
32,120.19499999999998,2.611860000000001,0,0.6666666666666666,0,0,0.0,0.0,0.3333333333333333,-3.4
33,213.10499999999996,1.4112,3,0.4,0,6,0.6,129.42000000000002,0.0,-2.89
34,110.11199999999998,1.0977999999999999,0,0.75,2,2,0.25,40.46,0.0,0.81
35,54.09199999999999,1.3584,1,0.0,0,0,0.0,0.0,0.0,-1.87
36,235.90599999999998,3.2116000000000007,0,0.75,0,0,0.25,0.0,0.0,-3.54
37,147.004,2.993400000000001,0,0.75,0,0,0.25,0.0,0.0,-3.04
38,112.98700000000001,1.8540999999999999,2,0.0,0,0,0.4,0.0,1.0,-1.62
39,132.232,0.49030000000000007,2,0.0,2,1,0.375,56.150000000000006,0.8,-1.46
40,114.094,1.9648,0,0.75,0,0,0.25,0.0,0.0,-2.0
41,156.22799999999998,3.456640000000002,0,0.8333333333333334,0,0,0.0,0.0,0.16666666666666666,-4.29
42,168.10799999999995,1.503,2,0.5,0,4,0.5,86.28,0.0,-2.29
43,110.11199999999998,1.0977999999999999,0,0.75,2,2,0.25,40.46,0.0,-0.17
44,80.12999999999998,1.8926,0,0.0,0,0,0.0,0.0,0.3333333333333333,-2.06
45,235.90599999999998,3.2116000000000007,0,0.75,0,0,0.25,0.0,0.0,-4.07
46,147.00400000000002,2.993400000000001,0,0.75,0,0,0.25,0.0,0.0,-3.27
47,134.22199999999998,2.811400000000001,2,0.6,0,0,0.0,0.0,0.4,-3.75
48,114.094,1.9647999999999999,0,0.75,0,0,0.25,0.0,0.0,-1.97
49,156.228,3.456640000000002,0,0.8333333333333334,0,0,0.0,0.0,0.16666666666666666,-4.14
50,168.10799999999995,1.503,2,0.5,0,4,0.5,86.28,0.0,-3.39
51,68.119,1.7485,2,0.0,0,0,0.0,0.0,0.2,-2.09
52,156.228,3.456640000000002,0,0.8333333333333334,0,0,0.0,0.0,0.16666666666666666,-4.679
53,82.14599999999999,2.1386000000000003,3,0.0,0,0,0.0,0.0,0.3333333333333333,-2.68
54,180.20999999999998,2.7830000000000004,0,1.0,0,2,0.14285714285714285,25.78,0.0,-2.68
55,154.253,2.7441000000000013,0,0.0,0,1,0.09090909090909091,9.23,1.0,-1.74
56,302.4580000000001,4.269300000000004,0,0.0,1,2,0.09090909090909091,37.3,0.85,-3.999
57,194.23700000000002,2.970200000000001,0,0.9333333333333333,1,2,0.13333333333333333,38.91,0.0,-4.22
58,137.01999999999998,2.0373,1,0.0,0,0,0.2,0.0,1.0,-2.43
59,137.01999999999998,2.1814,2,0.0,0,0,0.2,0.0,1.0,-2.37
60,179.101,3.351700000000002,5,0.0,0,0,0.125,0.0,1.0,-4.43
61,165.074,2.9616000000000016,4,0.0,0,0,0.14285714285714285,0.0,1.0,-3.81
62,207.07,3.6023000000000014,0,0.9090909090909091,0,0,0.09090909090909091,0.0,0.0,-4.35
63,193.128,3.741800000000003,6,0.0,0,0,0.1111111111111111,0.0,1.0,-5.06
64,151.047,2.5715000000000012,3,0.0,0,0,0.16666666666666666,0.0,1.0,-3.08
65,122.993,1.7913000000000001,1,0.0,0,0,0.25,0.0,1.0,-1.73
66,74.12299999999999,0.7787999999999999,2,0.0,1,1,0.2,20.23,1.0,0.0
67,56.108,1.5824,1,0.0,0,0,0.0,0.0,0.5,-1.94
68,54.09199999999999,1.0295999999999998,0,0.0,0,0,0.0,0.0,0.5,-1.24
69,143.411,1.6200999999999999,1,0.0,0,0,0.5,0.0,1.0,-1.32
70,92.569,1.8812,1,0.0,0,0,0.2,0.0,1.0,-2.0
71,92.56899999999999,2.0253,2,0.0,0,0,0.2,0.0,1.0,-2.03
72,134.65,3.1956000000000016,5,0.0,0,0,0.125,0.0,1.0,-4.0
73,120.623,2.805500000000001,4,0.0,0,0,0.14285714285714285,0.0,1.0,-3.12
74,162.61899999999997,3.4932000000000016,0,0.9090909090909091,0,0,0.09090909090909091,0.0,0.0,-3.93
75,106.596,2.415400000000001,3,0.0,0,0,0.16666666666666666,0.0,1.0,-2.73
76,78.542,1.6352,1,0.0,0,0,0.25,0.0,1.0,-1.47
77,158.285,3.119400000000002,8,0.0,1,1,0.09090909090909091,20.23,1.0,-3.63
78,140.26999999999998,3.9230000000000036,7,0.0,0,0,0.0,0.0,0.8,-5.51
79,186.33899999999997,3.8996000000000035,10,0.0,1,1,0.07692307692307693,20.23,1.0,-4.8
80,156.22799999999998,3.4022000000000023,1,0.8333333333333334,0,0,0.0,0.0,0.16666666666666666,-4.17
81,116.204,1.9491,5,0.0,1,1,0.125,20.23,1.0,-1.81
82,98.189,2.752700000000001,4,0.0,0,0,0.0,0.0,0.7142857142857143,-3.73
83,96.17299999999999,2.1999000000000004,3,0.0,0,0,0.0,0.0,0.7142857142857143,-3.01
84,242.44699999999992,5.460000000000006,14,0.0,1,1,0.058823529411764705,20.23,1.0,-7.0
85,102.17699999999999,1.559,4,0.0,1,1,0.14285714285714285,20.23,1.0,-1.24
86,84.16199999999999,2.3626000000000005,3,0.0,0,0,0.0,0.0,0.6666666666666666,-3.23
87,100.16099999999999,1.3334,3,0.0,1,1,0.14285714285714285,20.23,0.6666666666666666,-0.59
88,82.14599999999999,1.8098,2,0.0,0,0,0.0,0.0,0.6666666666666666,-2.36
89,184.01999999999998,2.2215,2,0.0,0,0,0.2,0.0,1.0,-2.96
90,226.101,3.3918000000000026,5,0.0,0,0,0.125,0.0,1.0,-4.81
91,254.07000000000002,3.4444000000000017,0,0.9090909090909091,0,0,0.09090909090909091,0.0,0.0,-4.55
92,169.993,1.8314,1,0.0,0,0,0.25,0.0,1.0,-2.29
93,96.17300000000002,2.5067000000000004,0,0.0,0,0,0.0,0.0,0.7142857142857143,-3.27
94,180.25000000000003,3.566220000000002,0,0.8571428571428571,0,0,0.0,0.0,0.14285714285714285,-5.22
95,142.201,3.148220000000002,0,0.9090909090909091,0,0,0.0,0.0,0.09090909090909091,-3.7
96,192.261,4.301420000000003,0,0.9333333333333333,0,0,0.0,0.0,0.06666666666666667,-5.85
97,126.115,-0.9264000000000001,0,0.6666666666666666,1,3,0.4444444444444444,54.86,0.2,-0.807
98,144.17299999999997,2.5454000000000008,0,0.9090909090909091,1,1,0.09090909090909091,20.23,0.0,-2.22
99,143.189,2.4220000000000006,0,0.9090909090909091,1,1,0.09090909090909091,26.02,0.0,-1.92
100,173.171,2.748000000000001,1,0.7692307692307693,0,2,0.23076923076923078,43.14,0.0,-3.54
101,89.09399999999998,0.6731,2,0.0,0,2,0.5,43.14,1.0,-0.8
102,144.258,2.7293000000000016,7,0.0,1,1,0.1,20.23,1.0,-3.01
103,126.243,3.5329000000000024,6,0.0,0,0,0.0,0.0,0.7777777777777778,-5.05
104,124.22699999999999,2.980100000000002,5,0.0,0,0,0.0,0.0,0.7777777777777778,-4.24
105,270.50099999999986,6.240200000000008,16,0.0,1,1,0.05263157894736842,20.23,1.0,-8.4
106,130.23100000000002,2.3392000000000013,6,0.0,1,1,0.1111111111111111,20.23,1.0,-2.39
107,112.216,3.142800000000002,5,0.0,0,0,0.0,0.0,0.75,-4.44
108,110.19999999999999,2.5900000000000007,4,0.0,0,0,0.0,0.0,0.75,-3.66
109,228.41999999999993,5.069900000000006,13,0.0,1,1,0.0625,20.23,1.0,-6.35
110,88.14999999999999,1.1689,3,0.0,1,1,0.16666666666666666,20.23,1.0,-0.6
111,70.135,1.9725,2,0.0,0,0,0.0,0.0,0.6,-2.68
112,68.11899999999999,1.4197,1,0.0,0,0,0.0,0.0,0.6,-1.64
113,122.16699999999996,1.7399,1,0.6666666666666666,1,1,0.1111111111111111,20.23,0.25,-0.92
114,60.096,0.3887,1,0.0,1,1,0.25,20.23,1.0,0.62
115,214.39299999999994,4.679800000000005,12,0.0,1,1,0.06666666666666667,20.23,1.0,-5.84
116,498.66200000000026,9.887599999999999,1,0.5454545454545454,0,0,0.45454545454545453,0.0,0.0,-11.6
117,429.77200000000016,8.580799999999998,1,0.6,0,0,0.4,0.0,0.0,-9.16
118,360.88200000000006,7.274000000000001,1,0.6666666666666666,0,0,0.3333333333333333,0.0,0.0,-8.01
119,429.77200000000016,8.580799999999998,1,0.6,0,0,0.4,0.0,0.0,-9.15
120,360.88200000000006,7.274000000000001,1,0.6666666666666666,0,0,0.3333333333333333,0.0,0.0,-8.6
121,291.99199999999996,5.967200000000002,1,0.75,0,0,0.25,0.0,0.0,-7.28
122,395.3270000000001,7.9274000000000004,1,0.631578947368421,0,0,0.3684210526315789,0.0,0.0,-7.92
123,395.3270000000001,7.9274000000000004,1,0.631578947368421,0,0,0.3684210526315789,0.0,0.0,-8.94
124,360.88200000000006,7.274000000000001,1,0.6666666666666666,0,0,0.3333333333333333,0.0,0.0,-7.68
125,326.437,6.620600000000001,1,0.7058823529411765,0,0,0.29411764705882354,0.0,0.0,-7.21
126,326.437,6.620600000000001,1,0.7058823529411765,0,0,0.29411764705882354,0.0,0.0,-7.43
127,360.88200000000006,7.274000000000001,1,0.6666666666666666,0,0,0.3333333333333333,0.0,0.0,-7.42
128,291.9920000000001,5.967200000000002,1,0.75,0,0,0.25,0.0,0.0,-6.47
129,100.20499999999998,2.6885000000000012,0,0.0,0,0,0.0,0.0,1.0,-4.36
130,360.88200000000006,7.274000000000001,1,0.6666666666666666,0,0,0.3333333333333333,0.0,0.0,-8.56
131,360.88200000000006,7.274000000000001,1,0.6666666666666666,0,0,0.3333333333333333,0.0,0.0,-8.71
132,291.99199999999996,5.967200000000002,1,0.75,0,0,0.25,0.0,0.0,-6.57
133,326.437,6.620600000000001,1,0.7058823529411765,0,0,0.29411764705882354,0.0,0.0,-7.32
134,114.23199999999999,3.0786000000000016,1,0.0,0,0,0.0,0.0,1.0,-4.74
135,128.259,3.468700000000003,2,0.0,0,0,0.0,0.0,1.0,-5.05
136,291.99199999999996,5.967200000000002,1,0.75,0,0,0.25,0.0,0.0,-7.39
137,102.17699999999998,1.4149,2,0.0,1,1,0.14285714285714285,20.23,1.0,-1.04
138,86.17799999999998,2.442500000000001,0,0.0,0,0,0.0,0.0,1.0,-3.55
139,100.20499999999998,2.832600000000001,1,0.0,0,0,0.0,0.0,1.0,-4.36
140,116.20399999999998,1.8050000000000002,3,0.0,1,1,0.125,20.23,1.0,-1.52
141,88.14999999999999,1.0248,0,0.0,1,1,0.16666666666666666,20.23,1.0,-0.4
142,223.102,4.660400000000002,1,0.8571428571428571,0,0,0.14285714285714285,0.0,0.0,-5.27
143,360.88200000000006,7.274,1,0.6666666666666666,0,0,0.3333333333333333,0.0,0.0,-7.82
144,395.3270000000001,7.9274000000000004,1,0.631578947368421,0,0,0.3684210526315789,0.0,0.0,-7.66
145,360.88200000000006,7.274000000000001,1,0.6666666666666666,0,0,0.3333333333333333,0.0,0.0,-7.39
146,326.437,6.620600000000001,1,0.7058823529411765,0,0,0.29411764705882354,0.0,0.0,-7.8
147,326.437,6.620600000000001,1,0.7058823529411765,0,0,0.29411764705882354,0.0,0.0,-7.92
148,291.992,5.967200000000002,1,0.75,0,0,0.25,0.0,0.0,-7.25
149,231.893,4.0058,0,0.5454545454545454,1,1,0.45454545454545453,20.23,0.0,-3.15
150,231.89299999999997,4.005799999999999,0,0.5454545454545454,1,1,0.45454545454545453,20.23,0.0,-3.1
151,257.547,5.313800000000001,1,0.8,0,0,0.2,0.0,0.0,-6.29
152,257.547,5.313800000000001,1,0.8,0,0,0.2,0.0,0.0,-6.26
153,197.448,3.3524000000000003,0,0.6,1,1,0.4,20.23,0.0,-2.67
154,114.23199999999999,2.9345000000000017,2,0.0,0,0,0.0,0.0,1.0,-4.8
155,231.893,4.0058,0,0.5454545454545454,1,1,0.45454545454545453,20.23,0.0,-3.37
156,257.547,5.313800000000001,1,0.8,0,0,0.2,0.0,0.0,-6.01
157,197.44799999999998,3.3523999999999994,0,0.6,1,1,0.4,20.23,0.0,-2.67
158,197.44799999999998,3.3523999999999994,0,0.6,1,1,0.4,20.23,0.0,-2.64
159,192.00100000000003,2.901600000000001,1,0.5454545454545454,0,2,0.45454545454545453,43.14,0.0,-3.48
160,163.003,2.699,0,0.6666666666666666,1,1,0.3333333333333333,20.23,0.0,-1.3
161,82.146,2.1386000000000003,1,0.0,0,0,0.0,0.0,0.3333333333333333,-2.4
162,86.178,2.2984,1,0.0,0,0,0.0,0.0,1.0,-3.65
163,156.22799999999998,3.456640000000002,0,0.8333333333333334,0,0,0.0,0.0,0.16666666666666666,-4.72
164,100.20499999999998,2.6885000000000012,2,0.0,0,0,0.0,0.0,1.0,-4.28
165,107.156,1.69844,0,0.75,0,1,0.125,12.89,0.2857142857142857,0.38
166,257.547,5.313800000000001,1,0.8,0,0,0.2,0.0,0.0,-6.27
167,257.547,5.313800000000001,1,0.8,0,0,0.2,0.0,0.0,-6.25
168,197.448,3.3524000000000003,0,0.6,1,1,0.4,20.23,0.0,-2.21
169,257.547,5.313800000000001,1,0.8,0,0,0.2,0.0,0.0,-6.14
170,197.44799999999998,3.3523999999999994,0,0.6,1,1,0.4,20.23,0.0,-2.34
171,136.194,2.3174600000000005,0,0.6,1,1,0.1,20.23,0.3333333333333333,-2.05
172,227.13199999999998,1.7196200000000006,3,0.375,0,6,0.5625,129.42000000000002,0.14285714285714285,-3.22
173,163.003,2.699,0,0.6666666666666666,1,1,0.3333333333333333,20.23,0.0,-1.55
174,116.20399999999998,1.8034,2,0.0,1,1,0.125,20.23,1.0,-0.92
175,116.20399999999998,1.6593,2,0.0,1,1,0.125,20.23,1.0,-1.22
176,114.18799999999997,1.8675,2,0.0,0,1,0.125,17.07,0.8571428571428571,-1.3
177,100.20499999999998,2.6885000000000012,2,0.0,0,0,0.0,0.0,1.0,-4.26
178,122.16699999999999,2.0090399999999997,0,0.6666666666666666,1,1,0.1111111111111111,20.23,0.25,-1.19
179,107.15599999999999,1.69844,0,0.75,0,1,0.125,12.89,0.2857142857142857,0.38
180,182.135,1.8114200000000005,2,0.46153846153846156,0,4,0.46153846153846156,86.28,0.14285714285714285,-2.82
181,223.102,4.660400000000002,1,0.8571428571428571,0,0,0.14285714285714285,0.0,0.0,-5.28
182,223.102,4.660400000000002,1,0.8571428571428571,0,0,0.14285714285714285,0.0,0.0,-5.25
183,163.003,2.699,0,0.6666666666666666,1,1,0.3333333333333333,20.23,0.0,-1.79
184,156.228,3.456640000000002,0,0.8333333333333334,0,0,0.0,0.0,0.16666666666666666,-4.89
185,122.16699999999999,2.00904,0,0.6666666666666666,1,1,0.1111111111111111,20.23,0.25,-1.29
186,107.156,1.69844,0,0.75,0,1,0.125,12.89,0.2857142857142857,0.45
187,182.135,1.8114200000000005,2,0.46153846153846156,0,4,0.46153846153846156,86.28,0.14285714285714285,-3.0
188,223.102,4.660400000000003,1,0.8571428571428571,0,0,0.14285714285714285,0.0,0.0,-5.21
189,157.216,2.8516400000000006,0,0.8333333333333334,0,1,0.08333333333333333,12.89,0.18181818181818182,-1.94
190,193.249,3.5752000000000015,0,0.9333333333333333,1,1,0.06666666666666667,26.02,0.0,-5.17
191,207.07000000000002,3.6023000000000014,0,0.9090909090909091,0,0,0.09090909090909091,0.0,0.0,-4.4
192,207.07,3.6023000000000014,0,0.9090909090909091,0,0,0.09090909090909091,0.0,0.0,-4.4
193,122.993,1.7897,0,0.0,0,0,0.25,0.0,1.0,-1.59
194,171.03699999999998,2.7575200000000013,0,0.75,0,0,0.125,0.0,0.14285714285714285,-2.23
195,72.107,0.9854,1,0.0,0,1,0.2,17.07,0.75,0.52
196,70.09100000000001,0.7614000000000001,1,0.0,0,1,0.2,17.07,0.25,0.32
197,118.17599999999999,0.7953999999999999,5,0.0,1,2,0.25,29.46,1.0,-0.42
198,106.59599999999999,2.4138,1,0.0,0,0,0.16666666666666666,0.0,1.0,-2.51
199,142.58499999999998,2.3486000000000002,1,0.6666666666666666,0,1,0.2222222222222222,9.23,0.14285714285714285,-2.46
200,188.657,4.007000000000002,1,0.9230769230769231,0,0,0.07692307692307693,0.0,0.0,-4.54
201,92.569,2.0237,1,0.0,0,0,0.2,0.0,1.0,-1.96
202,162.61899999999997,3.4932000000000016,0,0.9090909090909091,0,0,0.09090909090909091,0.0,0.0,-4.14
203,128.558,2.0456000000000003,0,0.75,1,1,0.25,20.23,0.0,-1.06
204,78.542,1.6336,0,0.0,0,0,0.25,0.0,1.0,-1.41
205,126.586,2.6484200000000007,0,0.75,0,0,0.125,0.0,0.14285714285714285,-3.52
206,84.082,-1.2591199999999998,0,0.0,2,2,0.6666666666666666,88.19,0.0,-0.31
207,156.269,3.3260000000000023,7,0.0,0,1,0.09090909090909091,17.07,0.9,-3.3
208,107.15599999999998,1.644,1,0.75,0,1,0.125,12.89,0.2857142857142857,0.51
209,102.17699999999999,1.4149,3,0.0,1,1,0.14285714285714285,20.23,1.0,-1.17
210,130.231,2.1951000000000005,5,0.0,1,1,0.1111111111111111,20.23,1.0,-2.11
211,126.19899999999998,2.3218000000000005,4,0.0,0,1,0.1111111111111111,17.07,0.625,-2.46
212,100.16099999999999,1.6215,3,0.0,0,1,0.14285714285714285,17.07,0.8333333333333334,-1.52
213,128.21499999999997,2.401700000000001,5,0.0,0,1,0.1111111111111111,17.07,0.875,-2.13
214,156.22799999999998,3.4022000000000014,1,0.8333333333333334,0,0,0.0,0.0,0.16666666666666666,-4.29
215,120.19499999999996,2.5574200000000005,1,0.6666666666666666,0,0,0.0,0.0,0.3333333333333333,-3.21
216,116.20399999999998,1.9475000000000002,4,0.0,1,1,0.125,20.23,1.0,-1.55
217,114.18799999999999,2.1557000000000004,4,0.0,0,1,0.125,17.07,0.8571428571428571,-1.45
218,102.17699999999998,1.5574,3,0.0,1,1,0.14285714285714285,20.23,1.0,-0.89
219,100.16099999999999,1.7656,3,0.0,0,1,0.14285714285714285,17.07,0.8333333333333334,-0.8
220,148.125,0.1253999999999998,0,0.9090909090909091,1,5,0.45454545454545453,71.79,0.0,-1.947
221,95.101,0.7871999999999999,0,0.8571428571428571,1,2,0.2857142857142857,33.120000000000005,0.0,1.02
222,169.993,1.8298,0,0.0,0,0,0.25,0.0,1.0,-2.09
223,134.22199999999995,3.118420000000002,1,0.6,0,0,0.0,0.0,0.4,-3.76
224,162.152,0.42839999999999984,1,0.8333333333333334,0,5,0.4166666666666667,60.790000000000006,0.14285714285714285,-1.11
225,70.13499999999999,1.9725,0,0.0,0,0,0.0,0.0,0.6,-2.56
226,68.11900000000001,1.7485,1,0.0,0,0,0.0,0.0,0.2,-2.03
227,70.13499999999999,1.9725,1,0.0,0,0,0.0,0.0,0.6,-2.73
228,84.16199999999999,2.3626000000000005,2,0.0,0,0,0.0,0.0,0.6666666666666666,-3.03
229,130.231,2.3376000000000006,4,0.0,1,1,0.1111111111111111,20.23,1.0,-1.72
230,116.20399999999998,1.9475000000000002,3,0.0,1,1,0.125,20.23,1.0,-1.08
231,102.17699999999998,1.5574,2,0.0,1,1,0.14285714285714285,20.23,1.0,-0.49
232,102.17699999999999,1.4133,2,0.0,1,1,0.14285714285714285,20.23,1.0,-0.7
233,192.261,4.301420000000002,0,0.9333333333333333,0,0,0.0,0.0,0.06666666666666667,-6.96
234,88.14999999999998,1.1673,1,0.0,1,1,0.16666666666666666,20.23,1.0,0.15
235,72.151,2.0524,1,0.0,0,0,0.0,0.0,1.0,-3.18
236,88.14999999999999,1.0248,2,0.0,1,1,0.16666666666666666,20.23,1.0,-0.47
237,114.23199999999999,3.2227000000000023,4,0.0,0,0,0.0,0.0,1.0,-5.08
238,142.201,3.148220000000001,0,0.9090909090909091,0,0,0.0,0.0,0.09090909090909091,-3.77
239,86.178,2.442500000000001,2,0.0,0,0,0.0,0.0,1.0,-3.74
240,102.17699999999999,1.4149,3,0.0,1,1,0.14285714285714285,20.23,1.0,-1.11
241,192.261,4.301420000000003,0,0.9333333333333333,0,0,0.0,0.0,0.06666666666666667,-5.84
242,108.13999999999999,1.70062,0,0.75,1,1,0.125,20.23,0.14285714285714285,-0.62
243,74.12299999999999,0.6347,1,0.0,1,1,0.2,20.23,1.0,0.1
244,58.123999999999995,1.6622999999999999,0,0.0,0,0,0.0,0.0,1.0,-2.55
245,56.108000000000004,1.5824,0,0.0,0,0,0.0,0.0,0.5,-2.33
246,146.153,0.7282199999999999,0,0.9090909090909091,0,4,0.36363636363636365,51.56,0.14285714285714285,-0.12
247,86.134,1.1853,0,0.0,0,1,0.16666666666666666,9.23,1.0,0.11
248,144.17299999999997,2.5454,0,0.9090909090909091,1,1,0.09090909090909091,20.23,0.0,-2.28
249,89.094,0.6715,1,0.0,0,2,0.5,43.14,1.0,-0.62
250,144.258,2.727700000000002,6,0.0,1,1,0.1,20.23,1.0,-2.74
251,142.242,2.935900000000001,6,0.0,0,1,0.1,17.07,0.8888888888888888,-2.58
252,130.231,2.3376000000000006,5,0.0,1,1,0.1111111111111111,20.23,1.0,-2.09
253,128.21499999999997,2.5458000000000007,5,0.0,0,1,0.1111111111111111,17.07,0.875,-2.05
254,88.14999999999999,1.1673,2,0.0,1,1,0.16666666666666666,20.23,1.0,-0.29
255,86.13399999999999,1.3755,2,0.0,0,1,0.16666666666666666,17.07,0.8,-0.19
256,138.16599999999997,1.0576999999999999,3,0.6,1,2,0.2,29.46,0.25,-0.7
257,60.096000000000004,0.38710000000000006,0,0.0,1,1,0.25,20.23,1.0,0.43
258,85.10600000000001,-0.10360000000000008,0,0.0,1,1,0.3333333333333333,29.1,0.75,1.07
259,172.312,3.5079000000000025,8,0.0,1,1,0.08333333333333333,20.23,1.0,-2.94
260,102.17699999999999,1.4149,1,0.0,1,1,0.14285714285714285,20.23,1.0,-0.5
261,102.17699999999999,1.4133,0,0.0,1,1,0.14285714285714285,20.23,1.0,-0.62
262,100.16099999999999,1.6215,0,0.0,0,1,0.14285714285714285,17.07,0.8333333333333334,-0.72
263,100.20499999999998,2.832600000000001,2,0.0,0,0,0.0,0.0,1.0,-4.23
264,192.001,2.901600000000001,1,0.5454545454545454,0,2,0.45454545454545453,43.14,0.0,-3.2
265,163.00300000000001,2.6990000000000007,0,0.6666666666666666,1,1,0.3333333333333333,20.23,0.0,-1.25
266,122.16699999999999,2.0090399999999997,0,0.6666666666666666,1,1,0.1111111111111111,20.23,0.25,-1.38
267,107.15599999999999,1.69844,0,0.75,0,1,0.125,12.89,0.2857142857142857,0.36
268,223.102,4.660400000000002,1,0.8571428571428571,0,0,0.14285714285714285,0.0,0.0,-6.39
269,163.003,2.699,0,0.6666666666666666,1,1,0.3333333333333333,20.23,0.0,-1.34
270,122.16699999999997,2.0090399999999997,0,0.6666666666666666,1,1,0.1111111111111111,20.23,0.25,-1.4
271,107.15599999999998,1.69844,0,0.75,0,1,0.125,12.89,0.2857142857142857,0.38
272,352.39000000000004,2.782800000000001,6,0.46153846153846156,1,4,0.23076923076923078,75.71,0.25,-5.071
273,142.58499999999998,2.3486000000000002,1,0.6666666666666666,0,1,0.2222222222222222,9.23,0.14285714285714285,-2.78
274,188.657,4.007000000000002,1,0.9230769230769231,0,0,0.07692307692307693,0.0,0.0,-4.88
275,128.558,2.0456,0,0.75,1,1,0.25,20.23,0.0,-0.7
276,89.525,1.1388800000000001,1,0.0,0,1,0.4,23.79,0.6666666666666666,-0.29
277,324.33600000000007,2.0025999999999993,4,0.5,1,4,0.25,75.71,0.16666666666666666,-4.47
278,116.204,1.9475,3,0.0,1,1,0.125,20.23,1.0,-0.85
279,116.20399999999998,1.9475,4,0.0,1,1,0.125,20.23,1.0,-1.47
280,394.471,3.9531000000000027,9,0.41379310344827586,1,4,0.20689655172413793,75.71,0.34782608695652173,-6.301
281,102.17699999999999,1.5574,3,0.0,1,1,0.14285714285714285,20.23,1.0,-0.8
282,100.16099999999999,1.7656,3,0.0,0,1,0.14285714285714285,17.07,0.8333333333333334,-0.83
283,380.444,3.5630000000000024,8,0.42857142857142855,1,4,0.21428571428571427,75.71,0.3181818181818182,-5.886
284,82.14599999999999,1.8098,0,0.0,0,0,0.0,0.0,0.6666666666666666,-1.99
285,70.135,1.8284,1,0.0,0,0,0.0,0.0,0.6,-2.73
286,88.14999999999999,1.0231999999999999,1,0.0,1,1,0.16666666666666666,20.23,1.0,-0.18
287,86.13399999999999,1.2314,1,0.0,0,1,0.16666666666666666,17.07,0.8,-0.12
288,102.17699999999999,1.4149,3,0.0,1,1,0.14285714285714285,20.23,1.0,-0.72
289,102.17699999999999,1.4149,3,0.0,1,1,0.14285714285714285,20.23,1.0,-0.71
290,100.16099999999999,1.6215,2,0.0,0,1,0.14285714285714285,17.07,0.8333333333333334,-0.67
291,130.23099999999997,2.3376,4,0.0,1,1,0.1111111111111111,20.23,1.0,-1.6
292,116.20399999999998,1.9475,3,0.0,1,1,0.125,20.23,1.0,-0.98
293,102.17699999999998,1.5574,2,0.0,1,1,0.14285714285714285,20.23,1.0,-0.36
294,88.14999999999999,1.0248,2,0.0,1,1,0.16666666666666666,20.23,1.0,-0.51
295,268.3589999999999,5.553220000000004,0,0.8571428571428571,0,0,0.0,0.0,0.14285714285714285,-7.92
296,114.23199999999999,3.2227000000000023,4,0.0,0,0,0.0,0.0,1.0,-5.16
297,131.17799999999997,2.4763200000000003,0,0.9,1,0,0.1,15.79,0.1111111111111111,-2.42
298,86.178,2.442500000000001,2,0.0,0,0,0.0,0.0,1.0,-3.68
299,108.13999999999999,1.7006199999999998,0,0.75,1,1,0.125,20.23,0.14285714285714285,-0.68
300,130.23099999999997,2.3376,5,0.0,1,1,0.1111111111111111,20.23,1.0,-1.98
301,408.498,4.343200000000004,10,0.4,1,4,0.2,75.71,0.375,-6.523
302,88.15,1.1673,2,0.0,1,1,0.16666666666666666,20.23,1.0,-0.24
303,86.134,1.3755,2,0.0,0,1,0.16666666666666666,17.07,0.8,-0.28
304,366.41700000000003,3.172900000000002,7,0.4444444444444444,1,4,0.2222222222222222,75.71,0.2857142857142857,-4.678
305,338.36300000000006,2.3927000000000005,5,0.48,1,4,0.24,75.71,0.21052631578947367,-4.907
306,223.102,4.660400000000002,1,0.8571428571428571,0,0,0.14285714285714285,0.0,0.0,-6.56
307,173.00900000000001,2.1547,0,0.75,1,1,0.25,20.23,0.0,-1.09
308,171.03700000000003,2.7575200000000013,0,0.75,0,0,0.125,0.0,0.14285714285714285,-3.19
309,142.585,2.3486000000000002,1,0.6666666666666666,0,1,0.2222222222222222,9.23,0.14285714285714285,-2.78
310,128.558,2.0456,0,0.75,1,1,0.25,20.23,0.0,-0.7
311,126.586,2.6484200000000007,0,0.75,0,0,0.125,0.0,0.14285714285714285,-3.08
312,120.19499999999996,2.5574200000000005,1,0.6666666666666666,0,0,0.0,0.0,0.3333333333333333,-3.11
313,116.204,1.9475,4,0.0,1,1,0.125,20.23,1.0,-1.4
314,114.18799999999999,2.1557000000000004,4,0.0,0,1,0.125,17.07,0.8571428571428571,-1.3
315,194.27399999999992,3.220600000000001,5,0.42857142857142855,2,2,0.14285714285714285,40.46,0.5,-2.59
316,95.10099999999998,0.7871999999999999,0,0.8571428571428571,1,2,0.2857142857142857,33.120000000000005,0.0,1.02
317,134.22199999999998,3.118420000000002,1,0.6,0,0,0.0,0.0,0.4,-3.77
318,162.15200000000002,0.4283999999999998,1,0.8333333333333334,0,5,0.4166666666666667,60.790000000000006,0.14285714285714285,-1.11
319,102.17699999999998,1.4133,2,0.0,1,1,0.14285714285714285,20.23,1.0,-0.8
320,100.16099999999999,1.6215,2,0.0,0,1,0.14285714285714285,17.07,0.8333333333333334,-0.74
321,168.239,3.662020000000002,1,0.9230769230769231,0,0,0.0,0.0,0.07692307692307693,-4.62
322,102.17699999999999,1.4149,3,0.0,1,1,0.14285714285714285,20.23,1.0,-1.14
323,146.15299999999996,0.7282199999999999,0,0.9090909090909091,0,4,0.36363636363636365,51.56,0.14285714285714285,-0.466
324,180.16299999999998,1.5531999999999997,2,0.46153846153846156,1,3,0.38461538461538464,72.24000000000001,0.125,-2.692
325,86.134,0.9449,3,0.0,1,1,0.16666666666666666,20.23,0.6,-0.15
326,224.25999999999996,1.1050999999999993,3,0.0,2,3,0.3125,75.27000000000001,0.5454545454545454,-2.253
327,238.28699999999998,1.3510999999999993,3,0.0,2,3,0.29411764705882354,75.27000000000001,0.5833333333333334,-2.593
328,208.21699999999996,0.49099999999999966,4,0.0,2,3,0.3333333333333333,75.27000000000001,0.3,-2.077
329,212.249,0.6507999999999994,2,0.0,2,3,0.3333333333333333,75.27000000000001,0.7,-2.766
330,156.141,-0.6214000000000004,0,0.0,2,3,0.45454545454545453,75.27000000000001,0.5,-1.742
331,148.205,2.271,0,0.5454545454545454,1,1,0.09090909090909091,20.23,0.4,-1.99
332,256.348,5.763040000000004,0,0.9,0,0,0.0,0.0,0.1,-7.01
333,196.20599999999996,0.3248999999999995,3,0.0,2,3,0.35714285714285715,75.27000000000001,0.4444444444444444,-1.614
334,210.23299999999998,0.5708999999999995,3,0.0,2,3,0.3333333333333333,75.27000000000001,0.5,-1.708
335,182.17899999999997,-0.06520000000000037,2,0.0,2,3,0.38461538461538464,75.27000000000001,0.375,-1.16
336,244.25,0.8664999999999998,3,0.3333333333333333,2,3,0.2777777777777778,75.27000000000001,0.15384615384615385,-2.369
337,226.27599999999995,1.1849999999999992,4,0.0,2,3,0.3125,75.27000000000001,0.7272727272727273,-2.658
338,198.22199999999998,0.4047999999999994,2,0.0,2,3,0.35714285714285715,75.27000000000001,0.6666666666666666,-2.148
339,232.239,0.7003999999999997,2,0.35294117647058826,2,3,0.29411764705882354,75.27000000000001,0.25,-2.322
340,130.078,-0.7977000000000001,0,0.6666666666666666,2,2,0.5555555555555556,65.72,0.0,-1.077
341,145.161,1.9404,0,0.9090909090909091,1,2,0.18181818181818182,33.120000000000005,0.0,-2.54
342,170.16799999999998,-0.2313000000000005,1,0.0,2,3,0.4166666666666667,75.27000000000001,0.5714285714285714,-1.228
343,242.321,5.454620000000004,0,0.9473684210526315,0,0,0.0,0.0,0.05263157894736842,-6.59
344,125.13099999999999,-0.33948000000000017,0,0.6666666666666666,2,3,0.4444444444444444,71.77000000000001,0.2,-1.458
345,142.242,2.935900000000001,6,0.0,0,1,0.1,17.07,0.8888888888888888,-2.58
346,243.309,4.728400000000002,0,0.9473684210526315,1,1,0.05263157894736842,26.02,0.0,-6.2
347,145.161,1.9403999999999997,0,0.9090909090909091,1,2,0.18181818181818182,33.120000000000005,0.0,-2.16
348,162.15200000000002,0.42839999999999984,1,0.8333333333333334,0,5,0.4166666666666667,60.790000000000006,0.14285714285714285,-1.139
349,242.321,5.454620000000004,0,0.9473684210526315,0,0,0.0,0.0,0.05263157894736842,-6.57
350,256.348,5.763040000000005,0,0.9,0,0,0.0,0.0,0.1,-7.02
351,162.152,0.42839999999999984,1,0.8333333333333334,0,5,0.4166666666666667,60.790000000000006,0.14285714285714285,-0.91
352,146.153,0.7282199999999998,0,0.9090909090909091,0,4,0.36363636363636365,51.56,0.14285714285714285,-0.854
353,145.16099999999997,1.9403999999999995,0,0.9090909090909091,1,2,0.18181818181818182,33.120000000000005,0.0,-2.42
354,206.28799999999998,4.609840000000004,0,0.875,0,0,0.0,0.0,0.125,-6.57
355,194.23299999999998,3.6986000000000017,0,0.9333333333333333,1,1,0.06666666666666667,20.23,0.0,-4.73
356,192.261,4.301420000000003,0,0.9333333333333333,0,0,0.0,0.0,0.06666666666666667,-5.89
357,466.47900000000016,5.630000000000004,10,0.4444444444444444,0,9,0.4074074074074074,164.48,0.25,-6.237
358,154.21199999999996,2.9384000000000015,0,0.8333333333333334,0,0,0.0,0.0,0.16666666666666666,-4.63
359,152.19599999999994,3.3236000000000017,0,0.8333333333333334,0,0,0.0,0.0,0.0,-3.96
360,183.16899999999998,1.24,3,0.0,1,4,0.6,90.51,0.75,0.54
361,59.068,-0.5084,0,0.0,1,1,0.5,43.09,0.5,1.58
362,135.16599999999997,1.6449999999999998,1,0.6,1,1,0.2,29.1,0.125,-1.33
363,222.251,-0.8561000000000003,2,0.38461538461538464,2,6,0.6923076923076923,151.66,0.25,-2.36
364,41.053,0.52988,0,0.0,0,1,0.3333333333333333,23.79,0.5,0.26
365,120.15099999999995,1.8892,1,0.6666666666666666,0,1,0.1111111111111111,17.07,0.125,-1.28
366,293.34800000000007,1.9493400000000003,3,0.55,1,5,0.35,108.64,0.23076923076923078,-3.59
367,179.22199999999998,3.3880000000000017,0,1.0,0,1,0.07142857142857142,12.89,0.0,-3.67
368,56.064,0.37129999999999996,1,0.0,0,1,0.25,17.07,0.0,0.57
369,53.06399999999999,0.6959799999999999,0,0.0,0,1,0.25,23.79,0.0,0.15
370,135.13,-0.0648999999999999,0,0.9,2,4,0.5,80.47999999999999,0.0,-2.12
371,300.3980000000001,3.2664000000000017,0,0.0,0,3,0.13636363636363635,51.21,0.7368421052631579,-3.48
372,269.77199999999993,2.9871000000000016,6,0.3333333333333333,0,2,0.2222222222222222,29.54,0.5,-3.26
373,360.45000000000005,1.8457,3,0.0,2,5,0.19230769230769232,91.67000000000002,0.7619047619047619,-3.85
374,364.914,5.270200000000002,0,0.0,0,0,0.3333333333333333,0.0,0.6666666666666666,-6.307
375,158.117,-2.1798,1,0.0,4,3,0.6363636363636364,113.32,0.25,-1.6
376,162.27899999999997,1.7553,5,0.0,0,2,0.3333333333333333,61.58,0.3333333333333333,-0.83
377,136.114,-0.35380000000000006,0,0.9,2,3,0.5,74.43,0.0,-2.266
378,142.07,-2.0785,0,0.0,2,4,0.6,92.34,0.0,-1.25
379,286.156,-4.819399999999998,1,0.0,6,8,0.6,191.0,0.25,-1.99
380,210.285,0.0696000000000001,3,0.4,0,6,0.4,48.39000000000001,0.6666666666666666,-3.364
381,227.337,1.8455999999999997,5,0.4,2,6,0.4,88.03,0.6666666666666666,-3.04
382,457.4320000000001,-3.1080199999999985,7,0.1875,7,12,0.375,202.31999999999996,0.65,-0.77
383,208.26099999999997,1.77922,2,0.4,1,3,0.26666666666666666,41.57,0.36363636363636365,-2.36
384,231.299,1.55042,2,0.6470588235294118,0,4,0.23529411764705882,30.17,0.3076923076923077,-0.364
385,100.14599999999999,0.7253000000000001,0,0.8333333333333334,1,3,0.5,67.14999999999999,0.0,-0.36
386,293.41400000000004,4.871880000000004,4,0.5454545454545454,0,2,0.13636363636363635,27.96,0.2631578947368421,-5.47
387,84.082,-0.6131000000000002,0,0.8333333333333334,2,3,0.6666666666666666,67.59,0.0,0.522
388,226.27599999999998,1.1849999999999998,4,0.0,2,3,0.3125,75.27000000000001,0.7272727272727273,-2.468
389,203.245,1.0666200000000003,1,0.7333333333333333,1,4,0.26666666666666666,52.95,0.18181818181818182,-0.624
390,256.30499999999995,2.1311,4,0.631578947368421,1,4,0.21052631578947367,55.24,0.3333333333333333,-2.596
391,286.415,4.087400000000003,0,0.0,0,2,0.09523809523809523,34.14,0.7894736842105263,-3.69
392,290.447,3.959100000000003,0,0.0,1,2,0.09523809523809523,37.3,0.9473684210526315,-4.402
393,148.20499999999998,2.728300000000001,2,0.5454545454545454,0,1,0.09090909090909091,9.23,0.2,-3.13
394,93.12899999999999,1.2688000000000001,0,0.8571428571428571,1,1,0.14285714285714285,26.02,0.0,-0.41
395,367.86,4.331900000000004,7,0.2857142857142857,0,5,0.38095238095238093,105.96999999999998,0.46153846153846156,-4.432
396,108.13999999999997,1.6952,1,0.75,0,1,0.125,9.23,0.14285714285714285,-1.85
397,178.23399999999995,3.993000000000002,0,1.0,0,0,0.0,0.0,0.0,-6.35
398,208.21599999999998,2.4620000000000006,0,0.75,0,2,0.125,34.14,0.0,-5.19
399,188.23000000000002,1.4844199999999999,1,0.7857142857142857,0,3,0.21428571428571427,26.93,0.18181818181818182,0.715
400,300.3620000000001,2.0642199999999997,2,0.2727272727272727,0,4,0.2727272727272727,56.220000000000006,0.4375,-3.538
401,366.84400000000016,5.505100000000005,2,0.46153846153846156,1,3,0.15384615384615385,54.37,0.2727272727272727,-5.931
402,211.26899999999998,1.1322999999999996,5,0.4,2,6,0.4,71.96000000000001,0.6666666666666666,-2.084
403,215.68800000000002,1.7770999999999997,4,0.42857142857142855,2,5,0.42857142857142855,62.730000000000004,0.625,-3.85
404,259.762,2.0904999999999996,5,0.375,0,4,0.375,71.39,0.5,-1.716
405,182.226,4.102000000000002,2,0.8571428571428571,0,2,0.14285714285714285,24.72,0.0,-4.45
406,223.16499999999996,1.0536999999999999,5,0.0,1,5,0.5,83.67000000000002,0.5714285714285714,0.651
407,258.104,3.130700000000001,2,0.375,1,2,0.3125,38.33,0.18181818181818182,-4.37
408,184.19499999999996,0.15879999999999939,2,0.0,2,3,0.38461538461538464,75.27000000000001,0.625,-2.4
409,421.4220000000001,1.6254,3,0.4444444444444444,3,5,0.4444444444444444,135.11999999999998,0.2,-3.59
410,335.28200000000004,4.148200000000004,7,0.2608695652173913,0,5,0.43478260869565216,89.51999999999998,0.5384615384615384,-5.53
411,410.53600000000023,4.057500000000004,8,0.21428571428571427,0,7,0.2857142857142857,93.61000000000001,0.6,-4.71
412,323.133,3.5435000000000016,2,0.75,1,1,0.1875,29.1,0.0,-4.21
413,290.323,2.572400000000001,4,0.42857142857142855,2,5,0.3333333333333333,85.25,0.35714285714285715,-4.883
414,397.52400000000006,3.7726000000000024,10,0.2608695652173913,1,6,0.391304347826087,140.20999999999998,0.5714285714285714,-4.2
415,106.12399999999997,1.4990999999999999,1,0.75,0,1,0.125,17.07,0.0,-1.19
416,121.13899999999995,0.7855000000000001,1,0.6666666666666666,1,1,0.2222222222222222,43.09,0.0,-0.96
417,78.11399999999999,1.6866,0,1.0,0,0,0.0,0.0,0.0,-1.64
418,184.238,2.768300000000001,2,0.8571428571428571,1,1,0.07142857142857142,20.23,0.07692307692307693,-2.55
419,260.253,1.1077,5,0.5789473684210527,1,5,0.3684210526315789,90.06,0.16666666666666666,-2.81
420,216.283,4.411000000000003,0,0.9411764705882353,0,0,0.0,0.0,0.058823529411764705,-6.68
421,252.31599999999997,5.737200000000003,0,1.0,0,0,0.0,0.0,0.0,-8.699
422,252.31599999999997,5.640400000000003,0,1.0,0,0,0.0,0.0,0.0,-8.23
423,216.283,4.411000000000002,0,0.9411764705882353,0,0,0.0,0.0,0.058823529411764705,-8.04
424,252.31599999999997,5.737200000000003,0,1.0,0,0,0.0,0.0,0.0,-7.8
425,252.31599999999997,5.640400000000003,0,1.0,0,0,0.0,0.0,0.0,-8.0
426,252.31599999999997,5.640400000000003,0,1.0,0,0,0.0,0.0,0.0,-8.49
427,276.338,6.3282000000000025,0,1.0,0,0,0.0,0.0,0.0,-9.018
428,165.19199999999998,1.4455,2,0.5,1,3,0.25,52.32,0.2222222222222222,-2.616
429,212.248,2.602900000000001,3,0.75,1,2,0.125,37.3,0.07142857142857142,-2.85
430,103.12399999999997,1.5582799999999999,0,0.75,0,1,0.125,23.79,0.0,-1.0
431,182.222,2.917600000000001,2,0.8571428571428571,0,1,0.07142857142857142,17.07,0.0,-3.12
432,135.191,2.2962999999999996,0,1.0,0,2,0.2222222222222222,41.129999999999995,0.0,-1.5
433,119.127,0.9578999999999998,0,1.0,1,2,0.3333333333333333,41.57,0.0,-0.78
434,119.12299999999998,1.8277999999999999,0,1.0,0,2,0.2222222222222222,26.03,0.0,-1.16
435,126.58599999999996,2.4254000000000007,1,0.75,0,0,0.125,0.0,0.14285714285714285,-2.39
436,146.111,2.705400000000001,0,0.6,0,0,0.3,0.0,0.14285714285714285,-2.51
437,150.18099999999998,0.8548999999999998,2,0.5454545454545454,2,1,0.2727272727272727,55.120000000000005,0.125,-0.95
438,476.5850000000002,3.636800000000003,6,0.0,2,6,0.20588235294117646,100.90000000000002,0.7407407407407407,-4.71
439,182.266,3.4718000000000018,3,0.8571428571428571,0,0,0.0,0.0,0.14285714285714285,-4.62
440,154.21199999999996,3.353600000000002,1,1.0,0,0,0.0,0.0,0.0,-4.345
441,256.308,4.450000000000003,1,1.0,0,2,0.1,25.78,0.0,-5.4
442,154.253,2.1935000000000002,0,0.0,1,1,0.09090909090909091,20.23,1.0,-2.32
443,261.11899999999997,1.5785200000000001,2,0.42857142857142855,1,3,0.35714285714285715,54.86,0.5555555555555556,-2.523
444,527.4140000000002,7.183700000000006,6,0.8,2,4,0.14285714285714285,70.67,0.1,-4.445
445,157.01,2.4491000000000005,0,0.8571428571428571,0,0,0.14285714285714285,0.0,0.0,-2.55
446,129.384,1.5776,0,0.0,0,0,0.6666666666666666,0.0,1.0,-0.89
447,163.82899999999998,2.1425,0,0.0,0,0,0.75,0.0,1.0,-1.54
448,108.966,1.4012,0,0.0,0,0,0.3333333333333333,0.0,1.0,-1.09
449,94.939,1.0110999999999999,0,0.0,0,0,0.5,0.0,1.0,-0.79
450,366.0,4.652000000000002,4,0.375,0,4,0.5,69.59,0.25,-6.09
451,428.12000000000006,4.3991000000000025,4,0.5454545454545454,1,3,0.22727272727272727,46.53,0.23529411764705882,-4.93
452,276.91499999999996,2.78888,0,0.5454545454545454,1,2,0.36363636363636365,44.019999999999996,0.0,-3.33
453,266.098,1.5771999999999997,1,0.8,1,4,0.3333333333333333,60.910000000000004,0.0,-3.127
454,316.4270000000001,1.74462,8,0.2857142857142857,1,6,0.38095238095238093,92.8,0.6923076923076923,-4.16
455,212.24899999999997,0.7948999999999993,3,0.0,2,3,0.3333333333333333,75.27000000000001,0.7,-2.39
456,263.381,3.999800000000003,1,0.3157894736842105,1,2,0.15789473684210525,38.33,0.5625,-4.24
457,311.85300000000007,4.1574000000000035,9,0.2857142857142857,0,2,0.19047619047619047,29.54,0.5882352941176471,-4.19
458,303.156,1.6836,4,0.0,2,3,0.35294117647058826,75.27000000000001,0.5454545454545454,-2.647
459,193.24599999999998,2.2257,4,0.42857142857142855,1,3,0.21428571428571427,52.32,0.36363636363636365,-3.082
460,74.12299999999999,0.7771999999999999,1,0.0,1,1,0.2,20.23,1.0,0.47
461,58.123999999999995,1.8064,1,0.0,0,0,0.0,0.0,1.0,-2.57
462,90.19099999999999,1.7163,2,0.0,1,1,0.2,38.8,1.0,-2.18
463,212.249,0.9389999999999998,4,0.0,2,3,0.3333333333333333,75.27000000000001,0.7,-1.661
464,256.33099999999996,1.0257999999999998,1,0.29411764705882354,1,5,0.4117647058823529,97.8,0.7,-1.877
465,236.702,2.825400000000001,2,0.375,1,1,0.25,32.34,0.25,-3.9
466,102.13299999999998,0.9595,4,0.0,0,2,0.2857142857142857,26.3,0.8,-1.37
467,217.378,3.4735000000000023,5,0.0,0,2,0.21428571428571427,45.61000000000001,0.9090909090909091,-3.68
468,134.22199999999998,3.0292000000000012,3,0.6,0,0,0.0,0.0,0.4,-4.06
469,72.107,0.9854,2,0.0,0,1,0.2,17.07,0.75,-0.01
470,194.19399999999996,-1.0293,0,0.6428571428571429,0,6,0.42857142857142855,61.82,0.375,-0.876
471,152.237,2.401700000000001,0,0.0,0,1,0.09090909090909091,17.07,0.9,-1.96
472,100.16099999999999,1.7656,4,0.0,0,1,0.14285714285714285,17.07,0.8333333333333334,-1.3
473,349.06600000000014,3.520900000000001,3,0.0,0,3,0.4444444444444444,62.68,0.6,-5.4
474,212.25199999999998,3.3306000000000013,2,0.75,2,1,0.1875,41.13,0.0,-3.15
475,201.225,2.5580000000000007,1,0.6666666666666666,1,2,0.2,38.33,0.08333333333333333,-3.224
476,167.21099999999998,3.3211000000000013,0,1.0,1,0,0.07692307692307693,15.79,0.0,-5.27
477,236.271,1.7597,4,0.35294117647058826,2,3,0.29411764705882354,67.42999999999999,0.3333333333333333,-1.83
478,221.25599999999994,2.1183,1,0.375,1,3,0.25,47.56,0.4166666666666667,-2.8
479,342.875,5.420300000000004,8,0.3333333333333333,0,5,0.3888888888888889,110.96,0.45454545454545453,-5.736
480,235.30800000000002,2.620000000000001,2,0.375,1,3,0.25,63.63,0.25,-3.14
481,237.09699999999998,1.1349999999999998,3,0.0,2,2,0.4166666666666667,72.19,0.7142857142857143,-2.68
482,150.22099999999998,2.824020000000001,1,0.5454545454545454,1,1,0.09090909090909091,20.23,0.4,-2.08
483,150.22099999999998,2.4879000000000007,1,0.0,0,1,0.09090909090909091,17.07,0.5,-2.06
484,309.529,-0.46289999999999937,2,0.0,3,6,0.5294117647058824,88.38000000000001,1.0,-1.84
485,323.13200000000006,0.909,6,0.3,3,5,0.45,112.70000000000002,0.36363636363636365,-2.111
486,257.76899999999995,2.2173999999999996,6,0.35294117647058826,0,5,0.35294117647058826,45.150000000000006,0.7272727272727273,-4.411
487,293.548,3.127600000000002,2,0.4,1,2,0.4,41.57,0.2222222222222222,-3.924
488,223.659,2.9102000000000006,2,0.4,1,2,0.26666666666666666,38.33,0.18181818181818182,-2.617
489,409.7819999999999,5.682800000000001,0,0.0,0,0,0.4444444444444444,0.0,0.8,-6.86
490,338.876,5.024200000000001,0,0.0,0,0,0.375,0.0,0.6,-5.64
491,196.68099999999998,2.8698200000000007,2,0.46153846153846156,0,1,0.23076923076923078,15.6,0.3,-2.86
492,414.82700000000017,1.1715999999999998,8,0.4444444444444444,1,8,0.4444444444444444,136.17000000000002,0.2,-4.576
493,93.513,-0.2895000000000001,1,0.0,1,1,0.6,43.09,0.5,-0.02
494,75.498,0.74878,0,0.0,0,1,0.5,23.79,0.5,-0.092
495,112.55899999999997,2.34,0,0.8571428571428571,0,0,0.14285714285714285,0.0,0.0,-2.38
496,208.28,2.2986000000000004,0,0.0,0,0,0.75,0.0,1.0,-1.9
497,64.515,1.2451,0,0.0,0,0,0.3333333333333333,0.0,1.0,-1.06
498,62.499,1.3687,0,0.0,0,0,0.3333333333333333,0.0,0.0,-1.75
499,213.66400000000002,3.2969000000000017,2,0.42857142857142855,1,2,0.2857142857142857,38.33,0.3,-3.38
500,164.375,1.5908000000000002,0,0.0,0,2,0.8571428571428571,43.14,1.0,-2.0
501,339.21800000000013,4.180900000000003,4,0.5454545454545454,1,3,0.22727272727272727,46.53,0.23529411764705882,-4.53
502,265.914,4.043559999999999,0,0.42857142857142855,0,2,0.42857142857142855,47.58,0.0,-5.64
503,295.72900000000004,-0.06089999999999923,1,0.35294117647058826,2,5,0.5882352941176471,135.45,0.0,-3.05
504,212.67999999999998,2.7419200000000012,1,0.42857142857142855,1,1,0.2857142857142857,32.34,0.3,-3.46
505,290.75,4.225800000000003,3,0.6,1,2,0.25,41.57000000000001,0.13333333333333333,-4.89
506,350.591,4.718100000000002,6,0.3333333333333333,0,5,0.5,82.48,0.4444444444444444,-5.67
507,267.93,4.2434,0,0.7142857142857143,0,2,0.42857142857142855,25.78,0.0,-5.43
508,338.7720000000001,0.9242000000000007,2,0.5454545454545454,3,4,0.36363636363636365,117.87,0.07142857142857142,-3.451
509,212.67999999999998,2.7419200000000012,1,0.42857142857142855,1,1,0.2857142857142857,32.34,0.3,-3.483
510,169.567,1.7744999999999997,0,0.8181818181818182,1,2,0.36363636363636365,46.0,0.0,-2.831
511,254.33199999999997,5.244800000000004,0,0.9,0,0,0.0,0.0,0.1,-7.85
512,228.29399999999998,5.146200000000003,0,1.0,0,0,0.0,0.0,0.0,-8.057
513,96.94400000000002,1.9352,0,0.0,0,0,0.5,0.0,0.0,-1.3
514,112.216,2.832600000000001,0,0.0,0,0,0.0,0.0,1.0,-4.3
515,70.135,1.9725,1,0.0,0,0,0.0,0.0,0.6,-2.54
516,152.237,2.878000000000001,4,0.0,0,1,0.09090909090909091,17.07,0.5,-2.06
517,239.702,2.6400000000000006,2,0.375,0,2,0.25,29.54,0.4166666666666667,-2.338
518,315.716,3.037700000000001,2,0.5454545454545454,1,4,0.3181818181818182,84.6,0.06666666666666667,-3.499
519,300.36000000000007,6.919200000000002,0,1.0,0,0,0.0,0.0,0.0,-9.332
520,346.46700000000016,2.666700000000002,2,0.0,2,4,0.16,74.6,0.8095238095238095,-3.24
521,360.45000000000016,1.9898000000000002,2,0.0,2,5,0.19230769230769232,91.67,0.7619047619047619,-3.11
522,402.48700000000025,2.560600000000001,3,0.0,1,6,0.20689655172413793,97.74000000000001,0.7391304347826086,-4.21
523,342.7780000000001,4.263000000000003,4,0.6666666666666666,1,4,0.20833333333333334,67.50999999999999,0.15789473684210525,-5.839
524,362.77100000000013,4.4311200000000035,6,0.45454545454545453,0,6,0.36363636363636365,99.80000000000001,0.35714285714285715,-5.382
525,292.33400000000006,3.9668000000000028,1,0.7272727272727273,1,3,0.13636363636363635,50.44,0.21052631578947367,-2.84
526,240.698,1.6708799999999997,4,0.375,2,6,0.4375,86.52,0.5555555555555556,-3.15
527,215.36199999999994,3.5141000000000027,3,0.0,0,2,0.21428571428571427,45.61000000000001,0.9090909090909091,-3.4
528,236.27099999999993,1.2491999999999999,2,0.0,2,3,0.29411764705882354,75.27000000000001,0.5833333333333334,-2.17
529,168.15200000000002,-0.4773,0,0.0,2,3,0.4166666666666667,75.27,0.5714285714285714,-1.655
530,98.18900000000001,2.7307000000000015,0,0.0,0,0,0.0,0.0,1.0,-3.51
531,114.188,1.7015,0,0.0,1,1,0.125,20.23,1.0,-0.88
532,96.173,2.5067000000000004,0,0.0,0,0,0.0,0.0,0.7142857142857143,-3.18
533,210.23299999999998,0.6929999999999998,0,0.0,2,3,0.3333333333333333,75.27,0.7,-3.168
534,84.162,2.3406000000000002,0,0.0,0,0,0.0,0.0,1.0,-3.1
535,100.161,1.3114,0,0.0,1,1,0.14285714285714285,20.23,1.0,-0.44
536,98.14500000000001,1.5196,0,0.0,0,1,0.14285714285714285,17.07,0.8333333333333334,-0.6
537,82.146,2.1166,0,0.0,0,0,0.0,0.0,0.6666666666666666,-2.59
538,281.35200000000003,1.0414999999999999,3,0.0,2,4,0.25,83.47,0.8,-1.13
539,196.206,0.3029,0,0.0,2,3,0.35714285714285715,75.27,0.6666666666666666,-3.06
540,112.21600000000001,3.120800000000002,0,0.0,0,0,0.0,0.0,1.0,-4.15
541,128.215,2.0915999999999997,0,0.0,1,1,0.1111111111111111,20.23,1.0,-1.29
542,224.25999999999996,1.0831,0,0.0,2,3,0.3125,75.27,0.7272727272727273,-2.982
543,70.135,1.9505000000000001,0,0.0,0,0,0.0,0.0,1.0,-2.64
544,68.11900000000001,1.7265,0,0.0,0,0,0.0,0.0,0.6,-2.1
545,182.179,-0.08720000000000011,0,0.0,2,3,0.38461538461538464,75.27,0.625,-2.349
546,154.125,-0.8674000000000002,0,0.0,2,3,0.45454545454545453,75.27,0.5,-1.886
547,198.30999999999992,2.3705,1,0.0,1,1,0.21428571428571427,32.34,0.9090909090909091,-2.218
548,434.29400000000015,6.317080000000003,6,0.41379310344827586,0,4,0.2413793103448276,59.32000000000001,0.2727272727272727,-7.337
549,449.8560000000001,6.543980000000005,6,0.3870967741935484,0,4,0.25806451612903225,59.32000000000001,0.30434782608695654,-8.176
550,416.30400000000014,6.177980000000004,6,0.42857142857142855,0,4,0.21428571428571427,59.32000000000001,0.2727272727272727,-8.017
551,111.104,-0.6479000000000001,0,0.75,2,3,0.5,71.77000000000001,0.0,-1.155
552,337.4630000000001,4.221000000000004,0,0.2,1,3,0.12,46.260000000000005,0.6818181818181818,-5.507
553,248.307,1.6838000000000002,2,0.7058823529411765,2,4,0.29411764705882354,94.55999999999999,0.0,-3.094
554,320.04600000000005,5.929000000000003,3,0.6666666666666666,0,0,0.2222222222222222,0.0,0.14285714285714285,-7.2
555,318.0300000000001,6.187900000000003,2,0.6666666666666666,0,0,0.2222222222222222,0.0,0.0,-6.9
556,354.491,6.495500000000002,2,0.631578947368421,0,0,0.2631578947368421,0.0,0.14285714285714285,-7.15
557,138.254,3.3668000000000022,0,0.0,0,0,0.0,0.0,1.0,-5.19
558,314.5220000000001,6.694400000000005,12,0.0,0,4,0.29411764705882354,102.78,1.0,-5.14
559,505.20600000000024,6.490180000000005,6,0.42857142857142855,0,4,0.21428571428571427,59.32000000000001,0.2727272727272727,-8.402
560,330.4680000000001,3.695900000000003,2,0.0,1,3,0.125,54.370000000000005,0.8095238095238095,-3.45
561,372.5050000000002,4.266700000000004,3,0.0,0,4,0.14814814814814814,60.440000000000005,0.782608695652174,-4.63
562,300.314,3.8659000000000017,4,0.5454545454545454,2,4,0.2727272727272727,76.66,0.125,-4.632
563,392.4670000000002,1.8957000000000002,2,0.0,3,5,0.21428571428571427,94.83,0.7272727272727273,-3.59
564,434.5040000000003,2.466500000000001,3,0.0,2,6,0.22580645161290322,100.9,0.7083333333333334,-4.9
565,152.237,2.401700000000001,0,0.0,0,1,0.09090909090909091,17.07,0.9,-1.85
566,390.5640000000003,6.433000000000007,14,0.21428571428571427,0,4,0.14285714285714285,52.60000000000001,0.6666666666666666,-6.96
567,393.85400000000016,3.878200000000003,8,0.2608695652173913,0,6,0.391304347826087,123.03999999999999,0.42857142857142855,-6.34
568,393.85400000000016,3.878200000000003,8,0.2608695652173913,0,6,0.391304347826087,123.03999999999999,0.42857142857142855,-6.34
569,270.225,4.277400000000004,4,0.0,0,2,0.3333333333333333,45.61,0.7,-4.286
570,284.74600000000004,3.153800000000002,1,0.6,0,2,0.2,32.67,0.125,-3.754
571,304.35200000000003,3.5847200000000026,7,0.3157894736842105,0,6,0.3684210526315789,95.37,0.6666666666666666,-3.64
572,168.195,3.586000000000002,0,1.0,0,1,0.07692307692307693,13.14,0.0,-4.6
573,184.263,4.054500000000002,0,1.0,0,1,0.07692307692307693,28.24,0.0,-4.38
574,173.83499999999998,1.7337,0,0.0,0,0,0.6666666666666666,0.0,1.0,-1.17
575,130.231,2.603200000000001,6,0.0,0,1,0.1111111111111111,9.23,1.0,-1.85
576,314.46600000000007,4.7938000000000045,15,0.0,0,4,0.18181818181818182,52.60000000000001,0.8888888888888888,-3.896
577,278.348,3.600400000000003,8,0.3,0,4,0.2,52.60000000000001,0.5,-4.4
578,297.656,3.144300000000002,5,0.35294117647058826,0,6,0.5294117647058824,112.73000000000002,0.25,-4.31
579,84.93299999999999,1.4215,0,0.0,0,0,0.6666666666666666,0.0,1.0,-0.63
580,269.127,3.9954000000000023,2,0.7058823529411765,2,2,0.23529411764705882,40.46,0.07692307692307693,-3.953
581,370.49,5.599500000000002,2,0.6,1,1,0.3,20.23,0.14285714285714285,-5.666
582,380.913,4.481400000000002,0,0.0,0,1,0.3684210526315789,12.53,0.8333333333333334,-6.29
583,266.34,4.604600000000004,3,0.6,2,2,0.1,40.46,0.1111111111111111,-4.95
584,474.64,7.725599999999999,1,0.0,0,0,0.5,0.0,0.2,-7.278
585,74.123,1.0428000000000002,2,0.0,0,1,0.2,9.23,1.0,-0.09
586,222.23999999999995,2.04,4,0.375,0,4,0.25,52.60000000000001,0.3333333333333333,-2.35
587,90.191,1.7593999999999999,2,0.0,0,1,0.2,25.3,1.0,-1.34
588,122.258,2.4076000000000004,3,0.0,0,2,0.3333333333333333,50.6,1.0,-2.42
589,268.356,4.828600000000005,4,0.6,2,2,0.1,40.46,0.2222222222222222,-4.07
590,286.331,3.581000000000002,4,0.5714285714285714,1,3,0.23809523809523808,50.800000000000004,0.1875,-4.16
591,310.687,3.5801000000000016,2,0.5714285714285714,2,2,0.3333333333333333,58.2,0.0,-6.02
592,764.9499999999999,3.247300000000002,7,0.0,5,13,0.24074074074074073,182.82999999999998,0.926829268292683,-5.293
593,780.9490000000001,2.2181000000000015,7,0.0,6,14,0.2545454545454545,203.05999999999997,0.926829268292683,-4.081
594,334.45600000000024,5.160800000000005,12,0.25,0,4,0.16666666666666666,52.60000000000001,0.6,-6.144
595,267.835,1.8139,0,0.0,0,0,0.6666666666666666,0.0,1.0,-2.34
596,390.5640000000002,6.433000000000008,14,0.21428571428571427,0,4,0.14285714285714285,52.60000000000001,0.6666666666666666,-6.637
597,102.17699999999999,1.8197999999999999,2,0.0,0,1,0.14285714285714285,9.23,1.0,-1.1
598,118.24499999999999,2.5364000000000004,2,0.0,0,1,0.14285714285714285,25.3,1.0,-2.24
599,299.6909999999999,2.3950000000000005,8,0.0,0,5,0.4444444444444444,74.88000000000001,0.7,0.523
600,338.79500000000013,2.8699000000000012,2,0.4782608695652174,1,5,0.34782608695652173,80.37,0.4,-4.328
601,211.26099999999994,1.9576,1,0.0,0,3,0.26666666666666666,46.61,0.6363636363636364,-0.85
602,209.29299999999998,1.89922,4,0.4,1,4,0.26666666666666666,49.25000000000001,0.6363636363636364,-2.24
603,76.095,0.23670000000000002,2,0.0,0,2,0.4,18.46,1.0,0.48
604,194.18599999999995,1.2597999999999998,2,0.42857142857142855,0,4,0.2857142857142857,52.60000000000001,0.2,-1.66
605,62.137,0.9792,0,0.0,0,1,0.3333333333333333,25.3,1.0,-0.45
606,94.20400000000001,1.6274,1,0.0,0,2,0.5,50.6,1.0,-1.44
607,322.243,2.9502000000000006,5,0.2727272727272727,1,6,0.5,115.54000000000002,0.45454545454545453,-5.47
608,240.21499999999995,2.7221000000000024,4,0.35294117647058826,1,5,0.4117647058823529,106.51000000000002,0.4,-3.38
609,180.156,-3.8346000000000005,0,0.0,6,6,0.5,121.38000000000001,1.0,0.35
610,118.24499999999999,2.539600000000001,4,0.0,0,1,0.14285714285714285,25.3,1.0,-2.58
611,390.56400000000036,6.721200000000008,16,0.21428571428571427,0,4,0.14285714285714285,52.60000000000001,0.6666666666666666,-5.115
612,414.63000000000017,5.508800000000006,0,0.0,1,3,0.1,38.69,0.9259259259259259,-7.32
613,223.22799999999995,1.4502,2,0.375,1,4,0.3125,56.790000000000006,0.36363636363636365,-1.57
614,239.318,2.9067000000000016,3,0.6666666666666666,0,1,0.1111111111111111,20.310000000000002,0.1875,-2.98
615,170.211,3.478900000000002,2,0.9230769230769231,0,1,0.07692307692307693,9.23,0.0,-3.96
616,169.227,3.430200000000002,2,0.9230769230769231,1,1,0.07692307692307693,12.03,0.0,-3.504
617,168.239,3.277400000000002,2,0.9230769230769231,0,0,0.0,0.0,0.07692307692307693,-4.08
618,102.17699999999999,1.823,4,0.0,0,1,0.14285714285714285,9.23,1.0,-1.62
619,296.5520000000001,3.6212000000000026,4,0.0,0,4,0.375,121.26,0.8,-4.86
620,274.413,3.7702000000000027,9,0.0,0,5,0.42857142857142855,110.96,1.0,-4.23
621,299.28800000000007,2.5801000000000007,5,0.3157894736842105,0,5,0.3684210526315789,97.74000000000001,0.3333333333333333,-3.35
622,233.09799999999998,3.0869000000000018,1,0.42857142857142855,1,1,0.35714285714285715,32.34,0.2222222222222222,-3.8
623,136.238,3.308900000000002,1,0.0,0,0,0.0,0.0,0.6,-4.26
624,198.134,1.5170200000000003,2,0.42857142857142855,1,5,0.5,106.51000000000002,0.14285714285714285,-1.456
625,180.20699999999997,1.5758999999999999,3,0.46153846153846156,2,2,0.3076923076923077,64.35,0.2222222222222222,-2.17
626,254.24599999999995,-2.2130999999999985,3,0.5,2,8,0.4444444444444444,102.28,0.5,-0.17
627,282.5559999999999,8.048000000000007,17,0.0,0,0,0.0,0.0,1.0,-8.172
628,380.913,4.481400000000002,0,0.0,0,1,0.3684210526315789,12.53,0.8333333333333334,-6.18
629,290.447,3.959100000000003,0,0.0,1,2,0.09523809523809523,37.3,0.9473684210526315,-4.16
630,306.51500000000004,4.483900000000005,0,0.0,1,2,0.09523809523809523,45.53,1.0,-5.41
631,266.34,3.9444000000000026,0,0.5,1,2,0.1,37.3,0.3888888888888889,-5.24
632,268.356,3.7375000000000025,0,0.3,1,2,0.1,37.3,0.5,-5.282
633,288.255,2.2155000000000005,1,0.5714285714285714,4,6,0.2857142857142857,107.22000000000001,0.13333333333333333,-3.62
634,122.11999999999999,-2.3071999999999995,3,0.0,4,4,0.5,80.92,1.0,0.7
635,272.388,3.6092000000000026,0,0.3,2,2,0.1,40.46,0.6666666666666666,-5.03
636,148.205,2.4237,3,0.5454545454545454,0,1,0.09090909090909091,9.23,0.2,-2.92
637,288.387,2.5800000000000005,0,0.2857142857142857,3,3,0.14285714285714285,60.69,0.6666666666666666,-4.955
638,270.372,3.817400000000003,0,0.3,1,2,0.1,37.3,0.6111111111111112,-3.955
639,333.266,3.9242000000000035,6,0.2608695652173913,0,5,0.43478260869565216,89.51999999999998,0.38461538461538464,-6.124
640,30.07,1.0262,0,0.0,0,0,0.0,0.0,1.0,-1.36
641,62.137,0.9360999999999999,0,0.0,1,1,0.3333333333333333,38.8,1.0,-0.6
642,46.069,-0.0014000000000000123,0,0.0,1,1,0.3333333333333333,20.23,1.0,1.1
643,296.41,3.6126000000000023,0,0.2727272727272727,2,2,0.09090909090909091,40.46,0.6,-4.3
644,225.313,2.6579000000000006,4,0.4,1,3,0.26666666666666666,63.63,0.36363636363636365,-2.09
645,384.4870000000002,5.005300000000004,12,0.0,0,8,0.5263157894736842,171.32,1.0,-5.54
646,209.29299999999998,1.85272,5,0.4,2,3,0.26666666666666666,57.78,0.6363636363636364,-3.028
647,312.45300000000003,3.8826000000000027,0,0.0,1,2,0.08695652173913043,37.3,0.7619047619047619,-5.66
648,286.34900000000005,2.0576,4,0.3157894736842105,0,5,0.3157894736842105,70.21000000000001,0.5384615384615384,-3.42
649,286.34900000000005,2.0576,4,0.3157894736842105,0,5,0.3157894736842105,70.21000000000001,0.5384615384615384,-3.42
650,258.324,1.3424,3,0.5625,1,5,0.4375,118.9,0.2222222222222222,-3.81
651,88.106,0.5694,1,0.0,0,2,0.3333333333333333,26.3,0.75,-0.04
652,150.177,1.8633,2,0.5454545454545454,0,2,0.18181818181818182,26.3,0.2222222222222222,-2.32
653,144.21399999999997,2.1298000000000004,5,0.0,0,2,0.2,26.3,0.875,-1.28
654,176.215,2.2629,3,0.46153846153846156,0,2,0.15384615384615385,26.3,0.18181818181818182,-3.0
655,200.32199999999997,3.6902000000000026,9,0.0,0,2,0.14285714285714285,26.3,0.9166666666666666,-4.1
656,74.07900000000001,0.17930000000000001,2,0.0,0,2,0.4,26.3,0.6666666666666666,0.15
657,158.24099999999999,2.5199000000000007,6,0.0,0,2,0.18181818181818182,26.3,0.8888888888888888,-2.74
658,144.21399999999997,2.1298000000000004,5,0.0,0,2,0.2,26.3,0.875,-2.35
659,186.295,3.3001000000000023,8,0.0,0,2,0.15384615384615385,26.3,0.9090909090909091,-3.8
660,172.26799999999997,2.910000000000001,7,0.0,0,2,0.16666666666666666,26.3,0.9,-3.39
661,130.18699999999998,1.7397,4,0.0,0,2,0.2222222222222222,26.3,0.8571428571428571,-1.75
662,102.133,0.9595,2,0.0,0,2,0.2857142857142857,26.3,0.8,-0.66
663,88.14999999999999,1.4329,3,0.0,0,1,0.16666666666666666,9.23,1.0,-0.66
664,72.10700000000001,1.1664,2,0.0,0,1,0.2,9.23,0.5,-0.85
665,106.16799999999996,2.2490000000000006,1,0.75,0,0,0.0,0.0,0.25,-2.77
666,112.21600000000001,2.976700000000002,1,0.0,0,0,0.0,0.0,1.0,-4.25
667,28.053999999999995,0.8022,0,0.0,0,0,0.0,0.0,0.0,-0.4
668,165.19199999999998,1.4455,2,0.5,1,3,0.25,52.32,0.2222222222222222,-2.1
669,166.176,1.5689,2,0.5,1,3,0.25,46.53,0.2222222222222222,-2.35
670,26.037999999999997,0.24939999999999998,0,0.0,0,0,0.0,0.0,0.0,0.29
671,376.49600000000004,6.372000000000007,9,0.6428571428571429,0,3,0.10714285714285714,27.69,0.28,-8.6
672,244.294,2.669100000000001,4,0.6111111111111112,0,4,0.2222222222222222,44.12,0.2857142857142857,-4.735
673,588.5620000000001,1.338599999999999,5,0.2857142857142857,3,13,0.30952380952380953,160.83,0.5517241379310345,-3.571
674,154.253,2.7441000000000013,0,0.0,0,1,0.09090909090909091,9.23,1.0,-1.64
675,164.204,2.1293,3,0.5,1,2,0.16666666666666666,29.46,0.2,-1.56
676,331.202,4.0676000000000005,3,0.8181818181818182,1,3,0.22727272727272727,46.010000000000005,0.058823529411764705,-4.38
677,201.22500000000002,2.840320000000001,2,0.7333333333333333,1,2,0.2,42.24,0.08333333333333333,-3.3
678,277.238,2.7993200000000007,5,0.35294117647058826,0,6,0.47058823529411764,112.73000000000002,0.3333333333333333,-4.04
679,253.367,3.2604000000000024,6,0.35294117647058826,0,3,0.23529411764705882,54.84,0.46153846153846156,-3.927
680,301.34200000000004,3.6038000000000023,7,0.5454545454545454,1,4,0.22727272727272727,56.790000000000006,0.23529411764705882,-4.7
681,349.43000000000006,5.268980000000004,5,0.46153846153846156,0,4,0.15384615384615385,59.32000000000001,0.36363636363636365,-6.025
682,308.36100000000005,3.1003000000000016,7,0.3333333333333333,0,5,0.3888888888888889,105.87,0.45454545454545453,-2.3
683,278.335,3.6130200000000023,5,0.375,0,5,0.375,94.89,0.4,-4.57
684,164.208,1.7801,1,0.5,1,1,0.25,32.34,0.2222222222222222,-1.6
685,306.276,0.7357999999999993,5,0.7272727272727273,1,7,0.4090909090909091,81.64999999999999,0.23076923076923078,-1.8
686,451.46900000000005,6.627980000000005,9,0.5454545454545454,0,5,0.21212121212121213,68.55000000000001,0.23076923076923078,-6.876
687,129.09399999999997,-0.5088000000000001,0,0.6666666666666666,2,3,0.5555555555555556,71.77,0.0,-0.972
688,380.45600000000013,1.8737,2,0.0,3,5,0.2222222222222222,94.83,0.8095238095238095,-3.43
689,410.4570000000002,1.8436999999999997,2,0.0,3,5,0.2413793103448276,94.83,0.7272727272727273,-5.613
690,421.7340000000001,5.340800000000003,6,0.42857142857142855,0,5,0.42857142857142855,89.51999999999998,0.25,-6.78
691,232.20499999999996,2.7989000000000006,1,0.375,1,1,0.375,32.34,0.3,-3.43
692,202.25599999999997,4.487200000000002,0,1.0,0,0,0.0,0.0,0.0,-6.0
693,166.22299999999998,3.2578000000000014,0,0.9230769230769231,0,0,0.0,0.0,0.07692307692307693,-5.0
694,96.10399999999998,1.8256999999999999,0,0.8571428571428571,0,0,0.14285714285714285,0.0,0.0,-1.8
695,376.46800000000013,2.923300000000001,1,0.0,2,4,0.18518518518518517,74.6,0.7272727272727273,-4.099
696,232.20499999999996,2.7989000000000006,1,0.375,1,1,0.375,32.34,0.3,-3.32
697,329.32099999999997,4.738100000000002,2,0.75,0,2,0.20833333333333334,22.0,0.10526315789473684,-4.445
698,312.118,3.514400000000002,2,0.3157894736842105,0,1,0.3684210526315789,20.310000000000002,0.4166666666666667,-4.047
699,301.296,2.492400000000001,4,0.7727272727272727,1,4,0.2727272727272727,50.94,0.125,-3.37
700,502.9200000000002,7.395680000000005,8,0.5142857142857142,1,5,0.2571428571428571,71.35,0.23076923076923078,-8.003
701,221.26,1.6262,3,0.375,1,3,0.3125,53.93,0.2727272727272727,-2.34
702,257.27299999999997,0.8516999999999999,6,0.0,0,6,0.5714285714285714,123.03999999999999,0.6666666666666666,-1.995
703,180.156,-3.2197999999999998,2,0.0,5,6,0.5,110.38000000000001,1.0,0.64
704,68.07499999999999,1.2795999999999998,0,1.0,0,1,0.2,13.14,0.0,-0.82
705,96.08499999999998,1.0920999999999998,1,0.7142857142857143,0,2,0.2857142857142857,30.21,0.0,-0.1
706,262.261,1.5528,1,0.0,2,5,0.2631578947368421,75.99000000000001,0.35714285714285715,-2.943
707,372.80800000000016,3.141800000000001,6,0.6153846153846154,3,6,0.2692307692307692,91.67999999999999,0.15789473684210525,-4.571
708,180.156,-3.2214000000000005,1,0.0,5,6,0.5,110.38000000000001,1.0,0.74
709,217.268,1.771,2,0.375,1,2,0.1875,46.17,0.38461538461538464,-2.337
710,92.09400000000001,-1.6681000000000001,2,0.0,3,3,0.5,60.69,1.0,1.12
711,218.20499999999998,0.044299999999999784,5,0.0,0,6,0.4,78.9,0.6666666666666666,-0.6
712,352.7700000000001,2.8103000000000007,3,0.25,0,6,0.2916666666666667,71.06,0.4117647058823529,-3.246
713,124.13899999999997,1.4008,1,0.6666666666666666,1,2,0.2222222222222222,29.46,0.14285714285714285,-1.96
714,151.129,-0.7716000000000003,0,0.8181818181818182,3,4,0.5454545454545454,100.44999999999999,0.0,-3.583
715,197.381,2.5084999999999997,0,0.0,0,0,0.7142857142857143,0.0,1.0,-1.71
716,300.266,1.3295999999999997,0,0.2727272727272727,4,6,0.2727272727272727,107.22000000000001,0.1875,-2.7
717,373.3209999999999,5.2415,0,0.0,0,0,0.4117647058823529,0.0,0.6,-6.317
718,100.205,2.976700000000002,4,0.0,0,0,0.0,0.0,1.0,-4.53
719,260.762,4.7574,1,0.0,0,0,0.6,0.0,0.0,-4.92
720,236.74,3.7268,0,0.0,0,0,0.75,0.0,1.0,-3.67
721,366.7180000000002,10.388599999999993,23,0.0,0,0,0.0,0.0,1.0,-8.334
722,226.44799999999992,6.487600000000007,13,0.0,0,0,0.0,0.0,1.0,-8.4
723,162.27599999999998,3.5371200000000025,0,0.5,0,0,0.0,0.0,0.5,-5.23
724,86.178,2.5866000000000007,3,0.0,0,0,0.0,0.0,1.0,-3.84
725,270.372,4.785200000000005,5,0.6,2,2,0.1,40.46,0.3333333333333333,-4.43
726,162.276,3.809400000000003,5,0.5,0,0,0.0,0.0,0.5,-5.21
727,100.077,-1.1742,0,0.0,2,2,0.5714285714285714,58.2,0.3333333333333333,-0.4
728,184.242,3.1256000000000013,3,0.8571428571428571,2,2,0.14285714285714285,24.06,0.0,-2.92
729,214.264,2.4536000000000007,3,0.75,2,2,0.125,40.46,0.14285714285714285,-1.93
730,297.745,-0.35129999999999945,1,0.35294117647058826,3,5,0.5882352941176471,135.11999999999998,0.14285714285714285,-2.63
731,362.4660000000002,1.7815999999999996,2,0.0,3,5,0.19230769230769232,94.83,0.8095238095238095,-3.09
732,404.5030000000002,2.3524000000000003,3,0.0,2,6,0.20689655172413793,100.90000000000002,0.782608695652174,-4.88
733,354.8749999999999,3.995,0,0.0,1,1,0.4117647058823529,20.23,0.6,-5.46
734,330.4680000000001,3.8384000000000027,1,0.0,1,3,0.125,54.37,0.8095238095238095,-3.817
735,136.114,-0.35380000000000006,0,0.9,2,3,0.5,74.43,0.0,-2.296
736,118.17899999999997,2.1753,0,0.6666666666666666,0,0,0.0,0.0,0.3333333333333333,-3.04
737,365.84200000000004,2.0834,3,0.5,2,4,0.3333333333333333,100.88,0.1875,-3.586
738,118.13899999999998,1.5629,0,1.0,1,1,0.2222222222222222,28.68,0.0,-2.16
739,117.15099999999997,2.1678999999999995,0,1.0,1,0,0.1111111111111111,15.79,0.0,-1.52
740,119.16699999999999,1.6545999999999998,0,0.6666666666666666,1,1,0.1111111111111111,12.03,0.25,-1.04
741,268.22900000000004,-1.8566000000000003,2,0.47368421052631576,4,9,0.47368421052631576,133.75,0.5,-1.23
742,204.01000000000002,2.2912,0,0.8571428571428571,0,0,0.14285714285714285,0.0,0.0,-3.01
743,155.966,1.4413,0,0.0,0,0,0.3333333333333333,0.0,1.0,-1.6
744,413.0,4.494100000000002,4,0.375,0,4,0.5,69.59,0.25,-6.62
745,141.939,1.0512000000000001,0,0.0,0,0,0.5,0.0,1.0,-1.0
746,370.91499999999996,2.4730799999999995,0,0.5454545454545454,1,2,0.36363636363636365,44.019999999999996,0.0,-3.61
747,243.74200000000002,2.1914999999999996,5,0.375,1,5,0.375,53.940000000000005,0.7,-3.785
748,313.747,3.1887000000000016,7,0.2777777777777778,0,7,0.5,100.3,0.7777777777777778,-3.658
749,116.15999999999998,1.2055,2,0.0,0,2,0.25,26.3,0.8333333333333334,-1.21
750,102.13299999999998,0.8154,3,0.0,0,2,0.2857142857142857,26.3,0.8,-1.01
751,134.22199999999998,2.8851000000000013,2,0.6,0,0,0.0,0.0,0.4,-4.12
752,185.22699999999998,0.37720000000000026,2,0.0,2,2,0.38461538461538464,61.440000000000005,0.75,-2.15
753,231.25500000000002,1.41762,4,0.6470588235294118,2,4,0.29411764705882354,67.16,0.16666666666666666,-2.461
754,345.4010000000002,3.8896000000000033,8,0.2727272727272727,1,5,0.3181818181818182,98.69000000000001,0.5333333333333333,-4.194
755,151.129,-0.3593,0,0.8181818181818182,3,5,0.5454545454545454,100.71000000000001,0.0,-3.401
756,137.14200000000002,-0.3149000000000001,1,0.6,2,3,0.4,68.01,0.0,0.009
757,130.18699999999998,1.5956000000000001,3,0.0,0,2,0.2222222222222222,26.3,0.8571428571428571,-1.92
758,116.15999999999998,1.2055,4,0.0,0,2,0.25,26.3,0.8333333333333334,-1.52
759,138.20999999999998,2.3218000000000005,0,0.0,0,1,0.1,17.07,0.6666666666666666,-1.06
760,193.24599999999998,2.528200000000001,2,0.42857142857142855,1,2,0.21428571428571427,38.33,0.36363636363636365,-2.863
761,309.36600000000004,4.252800000000004,8,0.2727272727272727,0,5,0.3181818181818182,89.51999999999998,0.6,-6.49
762,102.133,0.9579,1,0.0,0,2,0.2857142857142857,26.3,0.8,-0.55
763,88.106,0.5678,2,0.0,0,2,0.3333333333333333,26.3,0.75,-0.63
764,120.19499999999995,2.8100000000000014,1,0.6666666666666666,0,0,0.0,0.0,0.3333333333333333,-3.27
765,206.289,2.903500000000001,2,0.4,1,1,0.2,32.34,0.4166666666666667,-3.536
766,129.16199999999998,2.2348,0,1.0,0,1,0.1,12.89,0.0,-1.45
767,279.34,2.6670000000000007,2,0.3,2,3,0.3,70.67,0.42857142857142855,-2.93
768,322.36400000000003,2.966800000000001,5,0.5,0,3,0.20833333333333334,57.690000000000005,0.21052631578947367,-3.27
769,490.6390000000001,4.6182,0,0.0,0,1,0.5238095238095238,17.07,0.9,-5.259
770,260.24499999999995,2.8648200000000017,2,0.6842105263157895,0,5,0.2631578947368421,61.81,0.21428571428571427,-3.021
771,342.297,-5.397199999999993,4,0.0,8,11,0.4782608695652174,189.52999999999997,1.0,-0.244
772,150.13,-2.5823000000000005,0,0.0,4,5,0.5,90.15,1.0,0.39
773,234.29899999999995,1.5305,1,0.35294117647058826,1,3,0.23529411764705882,54.86,0.6923076923076923,-4.594
774,154.253,2.6698000000000013,4,0.0,1,1,0.09090909090909091,20.23,0.6,-1.99
775,290.832,3.644400000000001,0,0.0,0,0,0.5,0.0,1.0,-4.64
776,249.09699999999998,3.0185000000000013,2,0.4,1,2,0.4,41.57,0.2222222222222222,-3.592
777,321.163,3.101300000000001,1,0.5714285714285714,2,3,0.2857142857142857,61.690000000000005,0.06666666666666667,-3.604
778,404.54700000000025,4.195500000000004,6,0.0,1,5,0.1724137931034483,72.83,0.75,-6.005
779,330.3640000000001,2.1218000000000004,9,0.0,0,8,0.47368421052631576,138.26,0.8,-3.37
780,160.16899999999998,0.5027,4,0.0,0,4,0.36363636363636365,52.60000000000001,0.7142857142857143,-0.82
781,342.297,-5.397199999999993,4,0.0,8,11,0.4782608695652174,189.52999999999997,1.0,0.358
782,182.172,-3.5854000000000004,5,0.0,6,6,0.5,121.38000000000001,1.0,0.06
783,127.574,1.9222,0,0.75,1,1,0.25,26.02,0.0,-1.37
784,191.45499999999998,3.102500000000001,0,0.75,0,0,0.25,0.0,0.0,-3.21
785,238.45499999999998,2.9446000000000003,0,0.75,0,0,0.25,0.0,0.0,-3.55
786,157.55599999999998,2.2482000000000006,1,0.6,0,2,0.4,43.14,0.0,-2.77
787,295.298,2.972200000000001,3,0.6818181818181818,2,4,0.2727272727272727,84.07999999999998,0.0625,-3.88
788,329.3800000000001,2.6320000000000006,8,0.0,0,7,0.47368421052631576,132.27,0.8,-2.518
789,196.20199999999997,0.8497999999999999,2,0.0,0,4,0.2857142857142857,44.760000000000005,0.5,-1.899
790,340.5070000000001,5.279700000000005,1,0.0,0,2,0.08,34.14,0.7391304347826086,-5.27
791,298.367,3.3381000000000016,4,0.7142857142857143,0,4,0.23809523809523808,70.67,0.125,-4.873
792,310.297,2.52334,3,0.3,2,3,0.45,83.65,0.36363636363636365,-3.24
793,384.5160000000002,4.575300000000004,2,0.0,0,4,0.14285714285714285,60.440000000000005,0.7083333333333334,-5.35
794,172.18299999999996,2.0119000000000002,0,0.46153846153846156,0,2,0.15384615384615385,34.14,0.09090909090909091,-3.03
795,156.269,2.439500000000001,1,0.0,1,1,0.09090909090909091,20.23,1.0,-2.53
796,154.253,2.6477000000000013,1,0.0,0,1,0.09090909090909091,17.07,0.9,-2.35
797,218.25299999999996,0.9834000000000005,6,0.0,2,4,0.4,104.63999999999999,0.7777777777777778,-1.807
798,167.25799999999998,2.585,0,0.9,1,3,0.3,79.92999999999999,0.0,-3.18
799,279.336,1.8443399999999999,5,0.3,0,4,0.25,55.84,0.4666666666666667,-1.601
800,16.043,0.6361,0,0.0,0,0,0.0,0.0,1.0,-0.9
801,32.042,-0.3915,0,0.0,1,1,0.5,20.23,1.0,1.57
802,250.30100000000002,3.0025400000000015,1,0.8421052631578947,0,3,0.15789473684210525,34.89,0.125,-2.925
803,198.22199999999998,0.5009999999999999,2,0.0,1,3,0.35714285714285715,66.48,0.6666666666666666,-2.23
804,261.064,1.4359999999999997,1,0.6875,0,5,0.4375,57.14,0.1111111111111111,-2.82
805,241.24299999999994,0.5302000000000002,6,0.35294117647058826,2,5,0.35294117647058826,91.00999999999999,0.36363636363636365,-0.985
806,310.47800000000007,5.062000000000006,10,0.0,0,3,0.13636363636363635,35.53,0.7368421052631579,-5.19
807,271.39,1.8621999999999999,8,0.3333333333333333,2,7,0.3888888888888889,97.26,0.7272727272727273,-2.928
808,216.19199999999995,2.5478000000000005,1,0.8125,0,4,0.25,52.58,0.08333333333333333,-3.664
809,345.6529999999999,5.205900000000002,4,0.5714285714285714,0,2,0.23809523809523808,18.46,0.25,-6.89
810,74.07900000000001,0.1792999999999999,0,0.0,0,2,0.4,26.3,0.6666666666666666,0.46
811,86.09,0.34539999999999993,1,0.0,0,2,0.3333333333333333,26.3,0.25,-0.22
812,136.14999999999998,1.4732,1,0.6,0,2,0.2,26.3,0.125,-1.85
813,88.14999999999999,1.4329,3,0.0,0,1,0.16666666666666666,9.23,1.0,-0.99
814,116.15999999999998,1.3496000000000001,3,0.0,0,2,0.25,26.3,0.8333333333333334,-0.82
815,186.295,3.3001000000000023,8,0.0,0,2,0.15384615384615385,26.3,0.9090909090909091,-4.69
816,60.05200000000001,-0.2108000000000001,1,0.0,0,2,0.5,26.3,0.5,0.58
817,184.147,0.5899999999999996,1,0.46153846153846156,3,5,0.38461538461538464,86.99000000000001,0.125,-1.24
818,130.18699999999998,1.7397,4,0.0,0,2,0.2222222222222222,26.3,0.8571428571428571,-1.87
819,46.073,-0.9205000000000001,0,0.0,2,2,0.6666666666666666,38.05,1.0,1.34
820,214.34899999999996,4.080300000000003,10,0.0,0,2,0.13333333333333333,26.3,0.9230769230769231,-4.69
821,137.138,0.8681999999999999,1,0.6,0,3,0.3,39.19,0.14285714285714285,-0.46
822,172.268,2.910000000000001,7,0.0,0,2,0.16666666666666666,26.3,0.9,-3.38
823,158.24099999999999,2.5199000000000007,6,0.0,0,2,0.18181818181818182,26.3,0.8888888888888888,-3.17
824,116.15999999999998,1.3496000000000001,3,0.0,0,2,0.25,26.3,0.8333333333333334,-1.36
825,88.106,0.5694,1,0.0,0,2,0.3333333333333333,26.3,0.75,-0.14
826,74.12299999999999,1.0428,2,0.0,0,1,0.2,9.23,1.0,-0.39
827,88.14999999999999,1.4313,0,0.0,0,1,0.16666666666666666,9.23,1.0,-0.24
828,98.18900000000001,2.5866000000000007,0,0.0,0,0,0.0,0.0,1.0,-3.85
829,84.162,2.1965000000000003,0,0.0,0,0,0.0,0.0,1.0,-3.3
830,268.36,3.767700000000003,3,0.6,1,1,0.15,32.34,0.23529411764705882,-3.35
831,152.149,1.1788,1,0.5454545454545454,1,3,0.2727272727272727,46.53,0.125,-1.827
832,344.4950000000001,4.840100000000005,1,0.0,0,3,0.12,43.370000000000005,0.8181818181818182,-5.284
833,142.18300000000002,0.74091,0,0.6666666666666666,2,2,0.4444444444444444,80.74000000000001,0.2,-2.436
834,283.7989999999999,3.1641200000000014,6,0.3157894736842105,0,2,0.21052631578947367,29.54,0.5333333333333333,-2.73
835,365.8420000000001,2.7141199999999994,2,0.5,2,4,0.3333333333333333,100.88,0.1875,-3.78
836,151.165,1.4048,1,0.5454545454545454,1,2,0.2727272727272727,38.33,0.125,-1.803
837,228.67899999999997,2.4421,2,0.4,1,2,0.3333333333333333,41.57,0.3,-2.564
838,171.15599999999998,0.09201999999999994,3,0.4166666666666667,1,5,0.5,81.19,0.5,-1.26
839,214.29399999999998,0.3714999999999997,1,0.42857142857142855,1,6,0.42857142857142855,99.10000000000001,0.625,-2.253
840,171.15599999999998,0.09201999999999994,3,0.4166666666666667,1,5,0.5,81.19,0.5,-1.22
841,175.0,2.5882000000000005,0,0.75,0,0,0.25,0.0,0.0,-2.67
842,209.25299999999996,-0.1303000000000003,1,0.4,2,5,0.4,95.10999999999999,0.5555555555555556,-1.989
843,545.5460000000002,6.222999999999999,0,0.0,0,0,0.5454545454545454,0.0,1.0,-6.8
844,107.156,1.5772199999999998,0,0.75,1,1,0.125,26.02,0.14285714285714285,-0.85
845,138.126,1.177,1,0.6,1,3,0.4,69.16,0.0,-2.19
846,139.10999999999999,1.3003999999999998,1,0.6,1,3,0.4,63.37,0.0,-1.01
847,137.138,1.90322,1,0.6,0,2,0.3,43.14,0.14285714285714285,-2.44
848,214.652,2.365100000000001,2,0.42857142857142855,1,2,0.35714285714285715,41.57,0.2222222222222222,-2.57
849,446.40500000000003,-2.884799999999998,6,0.1935483870967742,6,12,0.3870967741935484,184.6,0.631578947368421,-0.742
850,198.653,2.4335000000000004,1,0.46153846153846156,1,1,0.3076923076923077,32.34,0.2222222222222222,-2.89
851,302.23800000000006,1.9879999999999995,1,0.7272727272727273,5,7,0.3181818181818182,131.35999999999999,0.0,-3.083
852,106.16799999999999,2.30344,0,0.75,0,0,0.0,0.0,0.25,-2.82
853,149.237,2.532800000000001,3,0.5454545454545454,0,1,0.09090909090909091,3.24,0.4,-3.03
854,87.12199999999999,0.0944999999999998,0,0.0,0,1,0.3333333333333333,20.310000000000002,0.75,1.11
855,121.18299999999995,1.7526,1,0.6666666666666666,0,1,0.1111111111111111,3.24,0.25,-1.92
856,380.784,3.651200000000001,5,0.0,0,4,0.6923076923076923,54.57000000000001,1.0,-2.28
857,271.36,3.475500000000002,5,0.5,0,2,0.15,29.540000000000003,0.35294117647058826,-3.57
858,228.29399999999998,5.146200000000003,0,1.0,0,0,0.0,0.0,0.0,-8.6
859,128.17399999999995,2.839800000000001,0,1.0,0,0,0.0,0.0,0.0,-3.6
860,275.179,4.257200000000004,4,0.35294117647058826,1,1,0.29411764705882354,32.34,0.4166666666666667,-4.77
861,154.253,2.6714000000000016,4,0.0,1,1,0.09090909090909091,20.23,0.6,-2.46
862,121.18299999999995,2.1184,2,0.6666666666666666,1,1,0.1111111111111111,12.03,0.25,-1.7
863,266.30400000000003,2.6512200000000004,1,0.6,1,4,0.25,58.120000000000005,0.26666666666666666,-3.19
864,327.1230000000001,3.8595000000000006,3,0.5714285714285714,2,4,0.38095238095238093,92.47,0.0,-4.7
865,122.12699999999997,0.18050000000000016,1,0.6666666666666666,1,2,0.3333333333333333,55.980000000000004,0.0,0.61
866,346.33900000000017,2.1756,4,0.24,1,7,0.32,107.77,0.29411764705882354,-4.76
867,156.09699999999998,0.9959,2,0.45454545454545453,1,5,0.5454545454545454,88.87,0.0,-2.19
868,295.29800000000006,2.4086000000000007,2,0.5454545454545454,0,4,0.2727272727272727,75.81,0.125,-3.796
869,214.20600000000002,0.5808999999999999,2,0.35714285714285715,1,5,0.5714285714285714,116.61000000000001,0.3333333333333333,-3.22
870,322.243,2.9502000000000006,5,0.2727272727272727,1,6,0.5,115.54000000000002,0.45454545454545453,-3.561
871,230.909,3.5617,0,0.5454545454545454,0,1,0.45454545454545453,12.89,0.16666666666666666,-3.76
872,281.271,2.3842999999999996,2,0.5714285714285714,1,4,0.2857142857142857,84.6,0.06666666666666667,-3.796
873,123.11099999999996,1.5948,1,0.6666666666666666,0,2,0.3333333333333333,43.14,0.0,-1.8
874,75.067,0.2829999999999999,1,0.0,0,2,0.6,43.14,1.0,-0.22
875,284.09799999999996,4.693900000000003,3,0.6666666666666666,0,3,0.3333333333333333,52.37,0.0,-5.46
876,238.15899999999996,0.07349999999999995,3,0.29411764705882354,1,6,0.5294117647058824,118.04999999999998,0.125,-3.38
877,227.08499999999998,-1.0200999999999996,8,0.0,0,9,0.8,157.11,1.0,-2.22
878,61.040000000000006,-0.10710000000000008,0,0.0,0,2,0.75,43.14,1.0,0.26
879,107.15599999999998,1.7283,1,0.75,1,1,0.125,12.03,0.14285714285714285,-1.28
880,128.259,3.7569000000000026,6,0.0,0,0,0.0,0.0,1.0,-5.88
881,511.5810000000002,4.289400000000002,5,0.6153846153846154,2,5,0.15384615384615385,92.18,0.15151515151515152,-3.931
882,222.33199999999994,2.0822999999999996,1,0.0,1,1,0.1875,32.34,0.9230769230769231,-3.171
883,340.4630000000001,4.0633000000000035,1,0.0,0,3,0.12,43.370000000000005,0.7272727272727273,-4.8
884,314.42500000000007,2.607400000000001,0,0.0,2,3,0.13043478260869565,57.53,0.75,-4.57
885,303.67100000000005,2.9464000000000006,2,0.6,1,4,0.4,46.92,0.16666666666666666,-4.046
886,320.04600000000005,5.929000000000003,3,0.6666666666666666,0,0,0.2222222222222222,0.0,0.14285714285714285,-6.51
887,109.12799999999999,0.9743999999999999,0,0.75,2,2,0.25,46.25,0.0,-0.72
888,127.574,1.9222,0,0.75,1,1,0.25,26.02,0.0,-1.52
889,191.45499999999998,3.1025,0,0.75,0,0,0.25,0.0,0.0,-3.19
890,238.45499999999998,2.9446000000000003,0,0.75,0,0,0.25,0.0,0.0,-3.54
891,157.55599999999998,2.2481999999999998,1,0.6,0,2,0.4,43.14,0.0,-2.55
892,114.232,3.3668000000000022,5,0.0,0,0,0.0,0.0,1.0,-5.24
893,89.09400000000001,0.10160000000000013,1,0.0,1,2,0.5,52.32,0.6666666666666666,0.85
894,175.0,2.5882000000000005,0,0.75,0,0,0.25,0.0,0.0,-2.7
895,137.13799999999998,0.49110000000000004,1,0.6,2,2,0.3,63.32000000000001,0.0,-1.82
896,124.13899999999997,1.4008,1,0.6666666666666666,1,2,0.2222222222222222,29.46,0.14285714285714285,-1.96
897,138.126,1.177,1,0.6,1,3,0.4,69.16,0.0,-1.96
898,153.13699999999997,1.6033999999999997,2,0.5454545454545454,0,3,0.36363636363636365,52.37,0.14285714285714285,-1.96
899,139.10999999999999,1.3004000000000002,1,0.6,1,3,0.4,63.37,0.0,-1.74
900,137.138,1.9032200000000001,1,0.6,0,2,0.3,43.14,0.14285714285714285,-2.33
901,346.3650000000001,1.7768000000000002,8,0.2608695652173913,1,7,0.4782608695652174,158.05999999999997,0.5,-5.16
902,244.28999999999994,3.3103000000000025,3,0.5555555555555556,0,3,0.16666666666666666,39.44,0.26666666666666666,-4.314
903,107.156,1.57722,0,0.75,1,1,0.125,26.02,0.14285714285714285,-2.21
904,345.22600000000017,4.217000000000003,3,0.5,0,5,0.3181818181818182,57.26,0.4666666666666667,-5.696
905,219.266,0.10709999999999997,1,0.0,1,5,0.5,96.3,0.5714285714285714,0.106
906,286.718,2.4478999999999997,1,0.6,2,3,0.25,61.690000000000005,0.06666666666666667,-3.952
907,267.306,1.3016,2,0.3333333333333333,1,4,0.3333333333333333,80.85000000000001,0.25,-2.281
908,106.16799999999999,2.30344,0,0.75,0,0,0.0,0.0,0.25,-2.8
909,324.38000000000005,3.493400000000002,5,0.5,1,3,0.20833333333333334,60.85000000000001,0.2631578947368421,-3.73
910,184.242,2.518,1,0.8571428571428571,2,2,0.14285714285714285,52.04,0.0,-2.7
911,320.04600000000005,5.929000000000003,3,0.6666666666666666,0,0,0.2222222222222222,0.0,0.14285714285714285,-7.2
912,318.0300000000001,6.187900000000003,2,0.6666666666666666,0,0,0.2222222222222222,0.0,0.0,-6.9
913,109.12799999999999,0.9743999999999999,0,0.75,2,2,0.25,46.25,0.0,-0.8
914,114.05999999999999,-1.6476000000000002,0,0.0,2,3,0.625,75.27,0.0,-0.4
915,291.26500000000004,3.2711000000000023,7,0.3333333333333333,0,6,0.4444444444444444,112.73000000000002,0.4,-4.66
916,184.242,2.518,1,0.8571428571428571,2,2,0.14285714285714285,52.04,0.0,-2.7
917,214.06199999999998,2.4074999999999998,1,0.5454545454545454,1,1,0.2727272727272727,29.1,0.125,-3.083
918,282.90599999999995,3.053700000000001,0,0.75,0,0,0.25,0.0,0.0,-4.56
919,169.611,2.2984,1,0.5454545454545454,1,1,0.2727272727272727,29.1,0.125,-2.843
920,127.574,1.9222,0,0.75,1,1,0.25,26.02,0.0,-1.66
921,191.45499999999998,3.102500000000001,0,0.75,0,0,0.25,0.0,0.0,-3.63
922,238.45499999999998,2.944600000000001,0,0.75,0,0,0.25,0.0,0.0,-4.03
923,157.55599999999998,2.2482000000000006,1,0.6,0,2,0.4,43.14,0.0,-2.92
924,108.13999999999999,1.7006199999999998,0,0.75,1,1,0.125,20.23,0.14285714285714285,-0.73
925,203.35099999999997,3.3716000000000026,6,0.0,0,2,0.23076923076923078,45.61,0.9,-3.53
926,328.84299999999996,5.316700000000004,4,0.5217391304347826,1,1,0.17391304347826086,32.34,0.3157894736842105,-5.915
927,250.339,4.9536,0,0.5454545454545454,0,0,0.45454545454545453,0.0,0.0,-5.65
928,202.29500000000002,3.1603000000000003,0,0.0,0,0,0.7142857142857143,0.0,1.0,-2.6
929,266.33799999999997,4.6592,0,0.5,1,1,0.5,20.23,0.0,-4.28
930,148.249,3.2287000000000017,0,0.5454545454545454,0,0,0.0,0.0,0.45454545454545453,-4.0
931,72.151,2.1965000000000003,2,0.0,0,0,0.0,0.0,1.0,-3.18
932,226.27599999999995,1.1849999999999992,4,0.0,2,3,0.3125,75.27000000000001,0.7272727272727273,-2.39
933,130.18699999999998,1.7397,4,0.0,0,2,0.2222222222222222,26.3,0.8571428571428571,-1.89
934,130.18699999999998,1.7397,4,0.0,0,2,0.2222222222222222,26.3,0.8571428571428571,-2.25
935,148.249,3.4193000000000024,4,0.5454545454545454,0,0,0.0,0.0,0.45454545454545453,-4.64
936,140.26999999999998,3.7569000000000026,4,0.0,0,0,0.0,0.0,1.0,-6.08
937,379.38100000000003,3.0893200000000016,4,0.5,1,4,0.4166666666666667,97.07,0.14285714285714285,-3.8
938,391.2940000000001,6.113300000000004,6,0.46153846153846156,0,3,0.19230769230769232,35.53,0.2857142857142857,-6.291
939,252.31599999999997,5.737200000000003,0,1.0,0,0,0.0,0.0,0.0,-8.804
940,153.156,1.7840999999999998,1,0.5454545454545454,1,1,0.2727272727272727,29.1,0.125,-1.78
941,179.219,2.0437,3,0.46153846153846156,1,2,0.23076923076923078,38.33,0.3,-2.35
942,178.23399999999998,3.993000000000002,0,1.0,0,0,0.0,0.0,0.0,-5.26
943,179.22199999999998,3.388000000000001,0,1.0,0,1,0.07142857142857142,12.89,0.0,-2.78
944,122.16699999999996,2.0853,2,0.6666666666666666,0,1,0.1111111111111111,9.23,0.25,-2.33
945,300.314,3.784220000000002,3,0.5454545454545454,2,4,0.2727272727272727,76.66,0.125,-4.805
946,232.239,0.7003999999999997,2,0.35294117647058826,2,3,0.29411764705882354,75.27000000000001,0.25,-2.322
947,94.11299999999999,1.3922,0,0.8571428571428571,1,1,0.14285714285714285,20.23,0.0,0.0
948,318.32800000000003,3.560100000000002,2,0.75,2,4,0.16666666666666666,66.76,0.05,-2.9
949,350.4580000000001,5.760500000000005,6,0.46153846153846156,0,3,0.11538461538461539,35.53,0.34782608695652173,-5.24
950,308.38100000000003,3.7878000000000025,5,0.5217391304347826,0,2,0.17391304347826086,40.620000000000005,0.2631578947368421,-3.81
951,108.14399999999998,0.9722000000000002,1,0.75,2,2,0.25,38.05,0.0,0.07
952,108.13999999999997,1.1789,1,0.75,1,1,0.125,20.23,0.14285714285714285,-0.4
953,152.22199999999998,1.3421,1,0.6,2,1,0.3,70.14,0.0,-1.77
954,252.27300000000002,1.7695999999999998,2,0.631578947368421,2,2,0.21052631578947367,58.2,0.06666666666666667,-4.097
955,260.38599999999997,3.727700000000003,8,0.0,0,5,0.46153846153846156,110.96,1.0,-4.11
956,367.8160000000001,4.236100000000003,7,0.42857142857142855,0,7,0.42857142857142855,120.8,0.4166666666666667,-5.233
957,298.304,3.2283800000000014,7,0.3157894736842105,0,6,0.3684210526315789,105.74000000000001,0.3333333333333333,-4.862
958,149.149,0.0011999999999999234,0,0.0,1,2,0.2727272727272727,46.17,0.25,-2.932
959,147.13299999999998,0.5702,0,0.5454545454545454,1,2,0.2727272727272727,46.17,0.0,-2.61
960,128.13399999999996,1.4299600000000001,0,0.6,0,2,0.2,47.58,0.0,-2.38
961,151.165,1.3505999999999998,1,0.5454545454545454,2,2,0.2727272727272727,49.33,0.125,-1.03
962,122.12299999999998,1.2047,1,0.6666666666666666,1,2,0.2222222222222222,37.3,0.0,-0.96
963,278.354,6.299400000000004,0,1.0,0,0,0.0,0.0,0.0,-7.87
964,285.343,2.997200000000001,3,0.2857142857142857,0,3,0.19047619047619047,38.77,0.35294117647058826,-3.46
965,150.13299999999998,1.2278,1,0.5454545454545454,0,3,0.2727272727272727,35.53,0.125,-1.63
966,353.4900000000001,4.198300000000004,9,0.0,0,5,0.3333333333333333,105.96999999999998,0.9285714285714286,-4.15
967,238.29099999999997,1.2198399999999998,2,0.35294117647058826,0,5,0.35294117647058826,58.56000000000001,0.5454545454545454,-1.95
968,331.353,1.5810000000000002,2,0.5217391304347826,2,5,0.34782608695652173,107.98,0.06666666666666667,-4.16
969,136.14999999999998,1.5076999999999998,2,0.6,0,2,0.2,26.3,0.125,-1.49
970,107.156,1.5772199999999998,0,0.75,1,1,0.125,26.02,0.14285714285714285,-1.21
971,138.126,1.177,1,0.6,1,3,0.4,69.16,0.0,-2.37
972,153.13699999999997,1.6033999999999997,2,0.5454545454545454,0,3,0.36363636363636365,52.37,0.14285714285714285,-2.41
973,139.10999999999999,1.3003999999999998,1,0.6,1,3,0.4,63.37,0.0,-0.74
974,137.138,1.90322,1,0.6,0,2,0.3,43.14,0.14285714285714285,-2.49
975,170.211,3.0592000000000015,1,0.9230769230769231,1,1,0.07692307692307693,20.23,0.0,-3.48
976,288.43100000000004,3.8792000000000026,0,0.0,1,2,0.09523809523809523,37.3,0.8421052631578947,-4.12
977,360.4500000000002,1.5575999999999999,2,0.0,3,5,0.19230769230769232,94.83,0.7142857142857143,-3.18
978,402.48700000000014,2.1284,3,0.0,2,6,0.20689655172413793,100.90000000000002,0.6956521739130435,-4.37
979,316.48500000000007,4.515300000000004,1,0.0,1,2,0.08695652173913043,37.3,0.8571428571428571,-4.65
980,218.256,0.5378999999999994,2,0.375,2,2,0.25,58.2,0.3333333333333333,-2.64
981,198.22199999999998,0.40479999999999994,2,0.0,2,3,0.35714285714285715,75.27000000000001,0.6666666666666666,-2.21
982,284.142,3.2829000000000024,1,0.3333333333333333,0,2,0.2777777777777778,37.38,0.38461538461538464,-4.8
983,314.46900000000005,4.723500000000005,1,0.0,0,2,0.08695652173913043,34.14,0.8095238095238095,-4.42
984,225.296,1.5208,5,0.375,2,6,0.375,71.96000000000001,0.7,-2.478
985,241.364,2.2340999999999998,5,0.375,2,6,0.375,88.03,0.7,-4.1
986,211.69200000000004,2.666800000000001,3,0.42857142857142855,0,1,0.21428571428571427,20.310000000000002,0.36363636363636365,-2.48
987,44.096999999999994,1.4163,0,0.0,0,0,0.0,0.0,1.0,-1.94
988,218.08299999999997,3.3419000000000016,2,0.46153846153846156,1,1,0.3076923076923077,29.1,0.2222222222222222,-3.0
989,229.71500000000003,2.1655999999999995,4,0.4,2,5,0.4,62.730000000000004,0.6666666666666666,-4.43
990,281.314,2.3388,7,0.0,1,5,0.4117647058823529,98.69000000000001,0.7,-3.408
991,342.2260000000001,3.653400000000003,5,0.5,0,5,0.3181818181818182,49.17,0.4666666666666667,-3.493
992,58.08,0.5952999999999999,1,0.0,0,1,0.25,17.07,0.6666666666666666,0.58
993,55.07999999999999,0.91998,0,0.0,0,1,0.25,23.79,0.6666666666666666,0.28
994,209.24499999999998,2.192,3,0.4,1,3,0.26666666666666666,47.56,0.36363636363636365,-2.05
995,102.13299999999998,0.9595,2,0.0,0,2,0.2857142857142857,26.3,0.8,-0.72
996,102.13299999999998,0.9595,2,0.0,0,2,0.2857142857142857,26.3,0.8,-1.92
997,88.10599999999998,0.5694,3,0.0,0,2,0.3333333333333333,26.3,0.75,-0.49
998,116.15999999999998,1.3496000000000001,3,0.0,0,2,0.25,26.3,0.8333333333333334,-1.34
999,120.19499999999995,2.639100000000001,2,0.6666666666666666,0,0,0.0,0.0,0.3333333333333333,-3.37
1000,112.21600000000001,2.976700000000002,2,0.0,0,0,0.0,0.0,1.0,-4.74
1001,42.080999999999996,1.1923000000000001,0,0.0,0,0,0.0,0.0,0.3333333333333333,-1.08
1002,102.17699999999998,1.8214000000000001,3,0.0,0,1,0.14285714285714285,9.23,1.0,-1.34
1003,40.065000000000005,0.6395,0,0.0,0,0,0.0,0.0,0.3333333333333333,-0.41
1004,150.22099999999998,2.689700000000001,0,0.5454545454545454,1,1,0.09090909090909091,20.23,0.4,-2.41
1005,132.12599999999998,0.41979999999999984,0,1.0,0,4,0.4,51.56,0.0,0.02
1006,230.31,5.0206000000000035,2,1.0,0,0,0.0,0.0,0.0,-7.11
1007,171.22099999999998,0.6424200000000001,1,0.5454545454545454,1,2,0.36363636363636365,68.54,0.14285714285714285,-1.74
1008,106.16799999999999,2.30344,0,0.75,0,0,0.0,0.0,0.25,-2.77
1009,217.26800000000003,2.709500000000001,2,0.375,1,2,0.1875,38.33,0.3076923076923077,-2.56
1010,123.11499999999998,-0.4245000000000001,1,0.6666666666666666,1,3,0.4444444444444444,68.87,0.0,-0.667
1011,221.647,1.4681,1,0.8,1,4,0.3333333333333333,60.91,0.0,-2.878
1012,202.25599999999997,4.584000000000002,0,1.0,0,0,0.0,0.0,0.0,-6.176
1013,80.08999999999999,0.4765999999999999,0,1.0,0,2,0.3333333333333333,25.78,0.0,1.1
1014,79.10199999999998,1.0816,0,1.0,0,1,0.16666666666666666,12.89,0.0,0.76
1015,80.08999999999999,0.4765999999999999,0,1.0,0,2,0.3333333333333333,25.78,0.0,1.1
1016,245.282,2.2411200000000004,2,0.6111111111111112,0,4,0.2777777777777778,47.36000000000001,0.23076923076923078,-2.09
1017,289.7440000000001,0.8788,2,0.3333333333333333,3,4,0.4444444444444444,109.66999999999999,0.3,-3.29
1018,129.16199999999998,2.2348,0,1.0,0,1,0.1,12.89,0.0,-1.3
1019,332.57000000000005,2.8260000000000005,3,0.3,1,3,0.35,63.24,0.15384615384615385,-5.03
1020,295.336,4.8618,1,0.42857142857142855,0,2,0.5714285714285714,43.14,0.0,-5.82
1021,504.43800000000005,-7.571399999999989,8,0.0,11,16,0.47058823529411764,268.67999999999995,1.0,-0.41
1022,262.30899999999997,1.4951999999999999,2,0.0,2,3,0.2631578947368421,75.27000000000001,0.6428571428571429,-2.696
1023,254.29299999999998,2.2245999999999997,1,0.631578947368421,0,4,0.2631578947368421,49.330000000000005,0.21428571428571427,-2.62
1024,133.197,0.13429999999999997,0,0.0,1,3,0.5714285714285714,86.49000000000001,0.3333333333333333,-1.77
1025,376.36900000000014,-1.7235599999999989,5,0.5185185185185185,5,9,0.37037037037037035,161.56,0.4117647058823529,-3.685
1026,179.21899999999997,1.8356,3,0.46153846153846156,1,3,0.23076923076923078,52.32,0.3,-2.452
1027,321.549,4.542900000000002,4,0.375,0,4,0.5,69.59,0.25,-5.72
1028,394.42300000000023,3.7033000000000023,3,0.41379310344827586,0,6,0.20689655172413793,63.22,0.34782608695652173,-4.42
1029,330.17100000000005,2.880000000000001,2,0.2857142857142857,1,3,0.38095238095238093,69.72,0.3076923076923077,-4.376
1030,226.235,2.4639000000000006,0,0.7058823529411765,0,3,0.23529411764705882,42.43,0.07692307692307693,-3.672
1031,254.28900000000002,2.9595200000000013,0,0.631578947368421,1,3,0.21052631578947367,55.56,0.13333333333333333,-3.928
1032,288.73800000000006,2.878000000000001,1,0.6,0,4,0.3,49.330000000000005,0.21428571428571427,-4.114
1033,322.29,3.5275200000000018,1,0.5217391304347826,1,4,0.34782608695652173,58.120000000000005,0.26666666666666666,-4.207
1034,268.32,2.817140000000001,1,0.6,1,4,0.25,58.120000000000005,0.26666666666666666,-4.554
1035,270.361,2.759900000000001,1,0.631578947368421,0,4,0.2631578947368421,64.35000000000001,0.21428571428571427,-4.634
1036,269.373,3.3649000000000022,1,0.631578947368421,0,3,0.21052631578947367,51.46000000000001,0.2,-4.706
1037,252.31699999999995,3.4346000000000023,1,0.631578947368421,0,2,0.15789473684210525,23.55,0.1875,-4.749
1038,268.32,2.614700000000001,2,0.6,0,4,0.25,49.330000000000005,0.26666666666666666,-2.86
1039,255.29199999999997,3.2071000000000023,2,0.631578947368421,0,1,0.15789473684210525,20.310000000000002,0.1875,-4.799
1040,296.374,3.1797200000000014,2,0.5454545454545454,1,4,0.22727272727272727,48.47,0.29411764705882354,-4.871
1041,283.331,3.122320000000001,2,0.5714285714285714,1,4,0.23809523809523808,54.46,0.25,-5.153
1042,273.723,3.458700000000001,1,0.631578947368421,1,3,0.2631578947368421,45.230000000000004,0.14285714285714285,-5.36
1043,255.277,2.35452,0,0.631578947368421,1,4,0.2631578947368421,68.45,0.14285714285714285,-3.043
1044,253.30499999999995,2.829600000000001,1,0.631578947368421,0,3,0.21052631578947367,36.44,0.2,-3.324
1045,313.36100000000005,1.6287999999999996,4,0.5217391304347826,2,6,0.30434782608695654,81.59000000000002,0.3125,-3.36
1046,255.29199999999997,3.2071000000000023,2,0.631578947368421,0,1,0.15789473684210525,20.310000000000002,0.1875,-3.535
1047,239.274,3.4590000000000023,1,0.6666666666666666,0,2,0.16666666666666666,29.54,0.13333333333333333,-3.68
1048,286.28,-1.6424000000000003,4,0.3,5,7,0.35,119.61000000000001,0.5384615384615384,-0.85
1049,137.13799999999998,0.49110000000000004,1,0.6,2,2,0.3,63.32000000000001,0.0,-1.836
1050,213.23600000000002,2.6445,2,0.75,2,2,0.1875,49.33,0.0,-3.59
1051,246.30599999999995,2.419600000000001,0,0.0,0,3,0.16666666666666666,43.370000000000005,0.6,-3.09
1052,238.28699999999995,1.3510999999999993,5,0.0,2,3,0.29411764705882354,75.27000000000001,0.5833333333333334,-2.356
1053,232.32700000000003,3.386800000000001,2,0.35294117647058826,2,1,0.17647058823529413,41.13,0.5,-4.11
1054,201.661,1.3885999999999998,4,0.46153846153846156,2,5,0.46153846153846156,62.730000000000004,0.5714285714285714,-4.55
1055,213.31,0.7254999999999998,3,0.42857142857142855,0,6,0.42857142857142855,70.44999999999999,0.625,-2.676
1056,182.172,-3.5854000000000004,5,0.0,6,6,0.5,121.38000000000001,1.0,1.09
1057,361.4450000000001,-1.068879999999999,8,0.2608695652173913,4,6,0.43478260869565216,176.62999999999997,0.46153846153846156,-1.981
1058,416.58300000000025,4.852300000000005,1,0.0,0,5,0.1724137931034483,85.74000000000001,0.7916666666666666,-4.173
1059,293.40700000000004,3.8884000000000034,9,0.2857142857142857,0,4,0.19047619047619047,38.77,0.5882352941176471,-3.84
1060,290.44699999999995,3.9591000000000034,0,0.0,1,2,0.09523809523809523,37.3,0.9473684210526315,-4.743
1061,365.96400000000006,5.6015000000000015,5,0.3157894736842105,0,4,0.47368421052631576,54.57000000000001,0.2,-4.522
1062,104.15199999999997,2.3296,1,0.75,0,0,0.0,0.0,0.0,-2.82
1063,120.15099999999995,1.7579,1,0.6666666666666666,0,1,0.1111111111111111,12.53,0.25,-1.6
1064,99.089,-0.577,0,0.0,1,2,0.42857142857142855,46.17,0.5,0.3
1065,342.297,-5.395599999999993,5,0.0,8,11,0.4782608695652174,189.52999999999997,1.0,0.79
1066,214.25,-0.5594299999999999,2,0.42857142857142855,4,4,0.5,130.44,0.0,-1.99
1067,223.79399999999998,3.0988000000000016,4,0.0,0,2,0.3333333333333333,60.63000000000001,0.625,-3.39
1068,172.20899999999997,-0.08379999999999999,1,0.5454545454545454,2,3,0.45454545454545453,94.56,0.0,-1.34
1069,224.26,0.9609999999999999,4,0.0,2,3,0.3125,75.27000000000001,0.5454545454545454,-2.016
1070,134.22199999999998,2.9841000000000015,0,0.6,0,0,0.0,0.0,0.4,-3.66
1071,70.09100000000001,0.7614000000000001,1,0.0,0,1,0.2,17.07,0.25,0.32
1072,381.1120000000001,4.511700000000001,2,0.5,2,2,0.4166666666666667,58.2,0.0,-7.28
1073,216.66799999999998,1.2534200000000002,0,0.42857142857142855,1,3,0.35714285714285715,54.86,0.5555555555555556,-2.484
1074,288.44,4.506300000000004,7,0.0,0,5,0.4,110.96,1.0,-4.755
1075,225.296,1.5223999999999998,4,0.375,2,6,0.375,71.96000000000001,0.7,-3.239
1076,241.364,2.2356999999999996,4,0.375,2,6,0.375,88.03,0.7,-4.0
1077,288.431,3.879200000000003,0,0.0,1,2,0.09523809523809523,37.3,0.8421052631578947,-4.02
1078,330.4680000000001,4.450000000000004,1,0.0,0,3,0.125,43.370000000000005,0.8095238095238095,-5.184
1079,344.4950000000001,4.840100000000005,2,0.0,0,3,0.12,43.370000000000005,0.8181818181818182,-5.37
1080,331.62699999999995,3.1773000000000002,0,0.0,0,0,0.8,0.0,1.0,-3.14
1081,165.834,3.0682,0,0.0,0,0,0.6666666666666666,0.0,0.0,-2.54
1082,261.919,4.014400000000001,1,0.46153846153846156,1,2,0.46153846153846156,29.46,0.14285714285714285,-4.02
1083,153.823,2.5529,0,0.0,0,0,0.8,0.0,1.0,-2.31
1084,198.39399999999995,5.707400000000006,11,0.0,0,0,0.0,0.0,1.0,-7.96
1085,418.7360000000001,5.551820000000002,4,0.2222222222222222,0,2,0.37037037037037035,26.3,0.47058823529411764,-7.321
1086,72.107,0.7968,0,0.0,0,1,0.2,9.23,1.0,0.49
1087,86.134,1.1869,0,0.0,0,1,0.16666666666666666,9.23,1.0,-0.03
1088,116.16399999999999,0.22960000000000003,0,0.0,0,1,0.375,23.550000000000004,0.8,0.94
1089,258.233,0.08779999999999949,1,0.3157894736842105,1,4,0.3157894736842105,83.55000000000001,0.23076923076923078,-2.676
1090,180.16699999999997,-1.0397,0,0.6923076923076923,1,5,0.46153846153846156,72.68,0.2857142857142857,-2.523
1091,180.16699999999997,-1.039700000000001,0,0.6923076923076923,1,5,0.46153846153846156,72.68,0.2857142857142857,-1.39
1092,356.2270000000001,0.40430000000000027,6,0.2857142857142857,3,5,0.42857142857142855,112.08000000000001,0.4166666666666667,-2.154
1093,254.35500000000002,1.5159999999999998,5,0.0,2,3,0.29411764705882354,90.28999999999999,0.5833333333333334,-3.46
1094,124.208,2.408500000000001,1,0.75,0,1,0.125,25.3,0.14285714285714285,-2.39
1095,218.32199999999997,2.1075,3,0.0,1,4,0.35714285714285715,75.99,0.7777777777777778,-1.62
1096,246.35899999999998,2.990000000000001,7,0.0,0,5,0.5,110.96000000000001,1.0,-3.091
1097,242.34400000000002,1.3498999999999999,4,0.0,2,3,0.3125,90.28999999999999,0.7272727272727273,-3.36
1098,84.14299999999999,1.7480999999999998,0,1.0,0,1,0.2,28.24,0.0,-1.33
1099,110.18099999999997,1.9752999999999996,0,0.8571428571428571,1,1,0.14285714285714285,38.8,0.0,-2.12
1100,128.15599999999998,0.05860000000000004,0,0.75,2,3,0.5,84.54999999999998,0.0,-2.273
1101,76.12400000000001,-0.8113000000000001,0,0.0,2,1,0.75,84.13,0.0,0.32
1102,240.44400000000002,2.0608,0,0.0,0,4,0.5,121.26,0.6666666666666666,-3.9
1103,126.115,-0.6283800000000002,0,0.6666666666666666,2,2,0.4444444444444444,65.72,0.2,-1.506
1104,150.22099999999998,2.824020000000002,1,0.5454545454545454,1,1,0.09090909090909091,20.23,0.4,-2.22
1105,92.14099999999999,1.99502,0,0.8571428571428571,0,0,0.0,0.0,0.14285714285714285,-2.21
1106,148.249,3.2752000000000017,1,0.5454545454545454,0,0,0.0,0.0,0.45454545454545453,-4.15
1107,112.216,2.832600000000001,0,0.0,0,0,0.0,0.0,1.0,-4.47
1108,98.18899999999998,2.752700000000001,3,0.0,0,0,0.0,0.0,0.7142857142857143,-3.82
1109,70.135,1.9725,1,0.0,0,0,0.0,0.0,0.6,-2.54
1110,293.754,3.1243000000000016,4,0.55,0,5,0.3,57.010000000000005,0.35714285714285715,-3.61
1111,304.66999999999996,4.843900000000003,4,0.0,0,2,0.375,45.61,0.7,-4.88
1112,394.43900000000014,0.6204999999999998,2,0.0,4,6,0.25,115.06000000000002,0.7142857142857143,-3.68
1113,434.50400000000025,2.4188000000000005,2,0.0,2,6,0.22580645161290322,93.06000000000002,0.75,-4.31
1114,478.51300000000026,1.7620999999999996,4,0.0,2,8,0.2647058823529412,127.20000000000002,0.68,-4.13
1115,253.26900000000003,0.8334000000000001,1,0.8421052631578947,3,7,0.3684210526315789,129.62,0.0,-2.404
1116,343.2170000000001,4.233520000000003,1,0.7391304347826086,0,4,0.2608695652173913,43.07,0.11764705882352941,-4.09
1117,252.731,2.4547,0,0.0,0,0,0.75,0.0,1.0,-1.91
1118,380.66200000000003,0.8210000000000011,2,0.3,3,5,0.6,135.11999999999998,0.25,-2.68
1119,257.437,2.1609000000000003,3,0.0,1,4,0.6666666666666666,65.57000000000001,1.0,-0.22
1120,380.66200000000003,0.8210000000000011,2,0.3,3,5,0.6,135.11999999999998,0.25,-2.68
1121,144.388,1.88018,0,0.0,0,1,0.6666666666666666,23.79,0.5,-2.168
1122,131.389,2.5017000000000005,0,0.0,0,0,0.6,0.0,0.0,-1.96
1123,119.37800000000001,1.9864,0,0.0,0,0,0.75,0.0,1.0,-1.17
1124,333.60400000000004,5.391500000000002,5,0.35294117647058826,0,3,0.4117647058823529,60.36,0.4,-5.752
1125,289.54499999999996,5.144700000000002,2,0.7058823529411765,1,2,0.29411764705882354,29.46,0.0,-4.46
1126,368.3690000000001,6.256760000000005,6,0.6923076923076923,0,4,0.19230769230769232,54.57000000000001,0.14285714285714285,-6.01
1127,189.24300000000002,2.25242,0,0.9230769230769231,0,4,0.3076923076923077,58.42999999999999,0.1111111111111111,-2.07
1128,229.71499999999997,1.803,5,0.4,1,5,0.4,53.940000000000005,0.6666666666666666,-4.06
1129,182.15599999999998,2.2039999999999997,6,0.0,0,4,0.45454545454545453,54.57000000000001,1.0,0.43
1130,335.28200000000004,4.148200000000004,7,0.2608695652173913,0,5,0.43478260869565216,89.51999999999998,0.5384615384615384,-5.68
1131,430.9340000000001,2.431,6,0.0,2,4,0.5454545454545454,64.68,0.4,-4.19
1132,435.48100000000034,1.2672999999999996,6,0.3225806451612903,2,10,0.3548387096774194,132.5,0.55,-3.638
1133,228.29399999999998,5.146200000000003,0,1.0,0,0,0.0,0.0,0.0,-6.726
1134,266.257,-1.3750000000000007,2,0.47368421052631576,4,8,0.42105263157894735,126.65,0.45454545454545453,-1.95
1135,112.088,-0.9368000000000001,0,0.75,2,2,0.5,65.72,0.0,-1.488
1136,60.056,-0.9762,0,0.0,2,1,0.75,69.11,0.0,0.96
1137,168.112,-1.7672000000000003,0,0.75,4,3,0.5833333333333334,114.36999999999998,0.0,-3.93
1138,86.13399999999999,1.3755,3,0.0,0,1,0.16666666666666666,17.07,0.8,-0.85
1139,287.34299999999996,1.9881999999999997,8,0.0,1,6,0.5,125.04000000000002,0.875,1.144
1140,286.11400000000003,3.4213000000000022,2,0.3333333333333333,0,3,0.3333333333333333,46.61,0.16666666666666666,-4.925
1141,308.3330000000001,3.609600000000003,4,0.6956521739130435,1,4,0.17391304347826086,67.50999999999999,0.15789473684210525,-3.893
1142,354.8150000000001,2.5621400000000008,3,0.5217391304347826,3,4,0.34782608695652173,117.87,0.13333333333333333,-3.79
1143,179.219,2.02164,1,0.46153846153846156,1,2,0.23076923076923078,38.33,0.3,-2.581
